grower_id,season,activity,attire_close_toed_shoes,attire_hat,attire_long_pants,attire_long_sleeves,attire_other,attire_sandals,attire_short_sleeves,attire_shorts,contact_%,days_per_month_by_activity,gloves_%,hours_per_day_by_activity,orient_bending_over,orient_kneeling,orient_other,orient_sitting,orient_standing,wash_freq,hours_per_month_by_activity,specificity
1,Fall,Harvesting,1,1,1,1,1,0,0,0,22.0,3.0,100.0,1.5,0,0,1,0,1,,4.5,"by grower, season, activity"
1,Fall,Preparing beds,1,1,1,1,1,0,0,0,10.0,4.0,100.0,1.0,0,0,1,0,0,,4.0,"by grower, season, activity"
1,Fall,Seeding,1,1,1,1,1,0,0,0,0.0,4.0,100.0,1.5,0,0,1,0,0,,6.0,"by grower, season, activity"
1,Fall,Transplanting,0,0,0,0,0,0,0,0,,0.0,,0.0,0,0,0,0,0,,0.0,"by grower, season, activity"
1,Fall,Watering,1,1,1,1,1,0,0,0,0.0,1.0,100.0,1.0,0,0,0,0,1,,1.0,"by grower, season, activity"
1,Fall,Weeding,0,0,0,0,0,0,0,0,,0.0,,0.0,0,0,0,0,0,,0.0,"by grower, season, activity"
1,Spring,Harvesting,1,0,1,1,1,0,0,0,0.0,1.0,100.0,2.0,1,0,0,0,1,50.0,2.0,"by grower, season, activity"
1,Spring,Preparing beds,1,1,1,1,1,0,0,0,10.0,4.0,100.0,1.5,0,0,1,0,0,,6.0,"by grower, season, activity"
1,Spring,Seeding,1,0,1,1,1,0,0,0,1.0,1.0,100.0,4.0,0,0,1,0,0,,4.0,"by grower, season, activity"
1,Spring,Transplanting,1,0,1,1,1,0,0,0,0.0,1.0,100.0,8.0,0,0,1,0,0,,8.0,"by grower, season, activity"
1,Spring,Watering,1,0,1,1,0,0,0,0,0.0,30.0,98.0,1.0,0,0,0,0,1,,30.0,"by grower, season, activity"
1,Spring,Weeding,1,0,1,1,1,0,0,0,15.0,1.0,100.0,1.0,1,0,0,0,0,,1.0,"by grower, season, activity"
1,Summer,Harvesting,1,1,1,1,0,0,0,0,2.0,21.0,100.0,8.0,0,0,1,0,0,,168.0,"by grower, season, activity"
1,Summer,Preparing beds,1,1,1,1,0,0,0,0,0.0,2.0,100.0,6.0,0,0,1,1,0,,12.0,"by grower, season, activity"
1,Summer,Seeding,1,1,1,1,0,0,0,0,0.0,1.0,100.0,1.5,0,0,1,0,0,,1.5,"by grower, season, activity"
1,Summer,Transplanting,0,0,0,0,0,0,0,0,,0.0,,0.0,0,0,0,0,0,,0.0,"by grower, season, activity"
1,Summer,Watering,1,1,1,1,0,0,0,0,0.0,30.0,100.0,2.0,0,0,1,0,1,,60.0,"by grower, season, activity"
1,Summer,Weeding,0,0,0,0,0,0,0,0,,0.0,,0.0,0,0,0,0,0,,0.0,"by grower, season, activity"
1,Winter,Harvesting,0,0,0,0,0,0,0,0,,0.0,,0.0,0,0,0,0,0,,0.0,"by grower, season, activity"
1,Winter,Preparing beds,1,1,1,1,0,0,0,0,0.0,4.0,100.0,4.0,0,0,1,0,1,,16.0,"by grower, season, activity"
1,Winter,Seeding,1,1,1,1,0,0,0,0,0.0,2.0,100.0,1.0,0,0,1,0,0,,2.0,"by grower, season, activity"
1,Winter,Transplanting,0,0,0,0,0,0,0,0,,0.0,,0.0,0,0,0,0,0,,0.0,"by grower, season, activity"
1,Winter,Watering,1,1,1,1,0,0,0,0,0.0,30.0,100.0,2.0,0,0,0,0,1,,60.0,"by grower, season, activity"
1,Winter,Weeding,0,0,0,0,0,0,0,0,,0.0,,0.0,0,0,0,0,0,,0.0,"by grower, season, activity"
2,Fall,Harvesting,1,0,1,1,1,0,1,0,50.0,8.0,,4.0,0,1,1,0,1,100.0,32.0,"by grower, season, activity"
2,Fall,Preparing beds,1,0,1,1,1,0,1,0,50.0,5.0,,6.0,1,1,0,0,1,25.0,30.0,"by grower, season, activity"
2,Fall,Seeding,1,0,1,1,1,0,1,0,50.0,1.0,,2.0,1,0,0,0,1,,2.0,"by grower, season, activity"
2,Fall,Transplanting,1,0,1,1,1,0,1,0,100.0,2.0,,5.0,0,1,0,0,0,75.0,10.0,"by grower, season, activity"
2,Fall,Watering,1,0,1,0,0,0,0,0,0.0,15.0,,5.0,0,0,0,0,1,,75.0,"by grower, season, activity"
2,Fall,Weeding,1,0,1,1,1,0,1,0,100.0,5.0,30.0,8.0,0,1,1,0,0,50.0,40.0,"by grower, season, activity"
2,Spring,Harvesting,1,0,1,1,0,0,0,0,0.0,8.0,,8.0,1,1,0,1,0,100.0,64.0,"by grower, season, activity"
2,Spring,Preparing beds,1,0,1,1,0,0,0,0,90.0,15.0,5.0,3.0,1,1,0,1,1,50.0,45.0,"by grower, season, activity"
2,Spring,Seeding,1,0,1,1,0,0,0,0,50.0,20.0,,2.0,1,1,0,0,0,78.0,40.0,"by grower, season, activity"
2,Spring,Transplanting,1,0,1,1,0,0,0,0,100.0,25.0,,6.0,0,1,0,0,0,100.0,150.0,"by grower, season, activity"
2,Spring,Watering,1,0,1,1,0,0,0,0,0.0,28.0,,0.5,1,0,0,0,0,,14.0,"by grower, season, activity"
2,Spring,Weeding,1,0,1,1,0,0,0,0,100.0,20.0,50.0,2.5,0,1,0,1,0,100.0,50.0,"by grower, season, activity"
2,Summer,Harvesting,1,1,0,0,1,0,1,1,30.0,12.0,,8.0,1,1,0,0,1,100.0,96.0,"by grower, season, activity"
2,Summer,Preparing beds,1,1,0,0,1,0,1,1,75.0,5.0,,5.5,1,1,0,1,1,,27.5,"by grower, season, activity"
2,Summer,Seeding,1,1,0,0,1,0,1,1,50.0,5.0,,2.0,1,0,0,0,1,,10.0,"by grower, season, activity"
2,Summer,Transplanting,1,1,0,0,1,0,1,1,100.0,5.0,,2.0,1,1,0,0,0,,10.0,"by grower, season, activity"
2,Summer,Watering,1,1,0,0,0,0,1,1,0.0,30.0,,5.5,1,0,1,0,0,,165.0,"by grower, season, activity"
2,Summer,Weeding,1,1,0,0,1,0,1,1,100.0,12.0,,6.0,0,1,0,0,0,,72.0,"by grower, season, activity"
2,Winter,Harvesting,1,1,1,1,0,0,0,0,0.0,8.0,,8.0,1,1,0,0,0,100.0,64.0,"by grower, season, activity"
2,Winter,Preparing beds,1,1,1,1,1,0,0,0,50.0,5.0,75.0,5.0,0,1,0,0,1,95.0,25.0,"by grower, season, activity"
2,Winter,Seeding,1,1,1,1,1,0,0,0,85.0,6.0,,3.0,1,0,0,0,1,80.0,18.0,"by grower, season, activity"
2,Winter,Transplanting,1,1,1,1,0,0,0,0,100.0,6.0,,4.5,0,1,0,0,0,95.0,27.0,"by grower, season, activity"
2,Winter,Watering,1,1,1,1,0,0,0,0,0.0,8.0,,6.0,0,0,1,0,0,,48.0,"by grower, season, activity"
2,Winter,Weeding,1,1,1,1,0,0,0,0,100.0,15.0,21.0,5.0,0,1,1,0,0,95.0,75.0,"by grower, season, activity"
3,Spring,Harvesting,0,0,0,0,0,0,0,0,,0.0,,0.0,0,0,0,0,0,,0.0,"by grower, season, activity"
3,Spring,Preparing beds,1,1,1,1,1,0,1,0,0.0,1.0,100.0,7.0,1,1,0,0,1,,7.0,"by grower, season, activity"
3,Spring,Seeding,1,1,1,1,0,0,1,0,100.0,6.0,,4.0,0,0,1,0,1,90.0,24.0,"by grower, season, activity"
3,Spring,Transplanting,1,1,1,1,0,0,1,0,100.0,7.0,,2.0,0,0,1,0,1,90.0,14.0,"by grower, season, activity"
3,Spring,Watering,1,1,1,1,0,0,1,0,5.0,20.0,,0.5,0,0,0,0,1,,10.0,"by grower, season, activity"
3,Spring,Weeding,0,0,0,0,0,0,0,0,,0.0,,0.0,0,0,0,0,0,,0.0,"by grower, season, activity"
3,Summer,Harvesting,1,1,1,0,0,0,1,0,40.0,10.0,,1.0,1,1,0,0,1,,10.0,"by grower, season, activity"
3,Summer,Preparing beds,0,0,0,0,0,0,0,0,,0.0,,0.0,0,0,0,0,0,,0.0,"by grower, season, activity"
3,Summer,Seeding,1,1,1,0,0,0,1,0,100.0,2.0,,0.5,1,0,0,0,0,,1.0,"by grower, season, activity"
3,Summer,Transplanting,1,1,1,0,0,0,1,0,90.0,1.0,,0.5,1,0,0,0,0,,0.5,"by grower, season, activity"
3,Summer,Watering,0,0,0,0,0,0,0,0,,0.0,,0.0,0,0,0,0,0,,0.0,"by grower, season, activity"
3,Summer,Weeding,1,1,1,0,0,0,1,0,100.0,8.0,50.0,1.0,1,1,0,0,0,,8.0,"by grower, season, activity"
4,Fall,Harvesting,1,1,1,1,0,0,0,0,0.0,1.0,,0.33333,0,1,0,0,0,,0.33333,"by grower, season, activity"
4,Fall,Preparing beds,1,1,1,1,1,0,0,0,5.0,2.0,,4.0,0,0,1,0,0,,8.0,"by grower, season, activity"
4,Fall,Seeding,1,1,1,1,0,0,0,0,90.0,1.0,,1.0,0,1,0,0,0,,1.0,"by grower, season, activity"
4,Fall,Transplanting,0,0,0,0,0,0,0,0,,0.0,,0.0,0,0,0,0,0,,0.0,"by grower, season, activity"
4,Fall,Watering,1,1,1,1,0,0,0,0,0.0,3.0,,0.33333,1,0,0,0,0,,0.99999,"by grower, season, activity"
4,Fall,Weeding,1,1,1,1,0,0,0,0,0.0,5.0,,3.0,0,0,1,0,0,,15.0,"by grower, season, activity"
4,Spring,Harvesting,0,0,0,0,0,0,0,0,,0.0,,0.0,0,0,0,0,0,,0.0,"by grower, season, activity"
4,Spring,Preparing beds,1,1,1,1,1,0,0,0,25.0,10.0,,4.0,0,0,1,0,0,,40.0,"by grower, season, activity"
4,Spring,Seeding,1,1,1,1,1,0,0,0,5.0,3.0,,2.0,0,0,0,0,1,,6.0,"by grower, season, activity"
4,Spring,Transplanting,1,1,1,1,1,0,0,0,90.0,7.0,,4.0,1,1,0,0,1,,28.0,"by grower, season, activity"
4,Spring,Watering,1,1,1,1,1,0,0,0,90.0,5.0,,3.5,1,1,0,0,1,,17.5,"by grower, season, activity"
4,Spring,Weeding,1,1,1,1,1,0,0,0,50.0,8.0,,3.0,1,1,0,0,1,,24.0,"by grower, season, activity"
4,Winter,Harvesting,1,1,1,1,0,0,0,0,20.0,2.0,100.0,2.0,0,1,0,0,0,,4.0,"by grower, season, activity"
4,Winter,Preparing beds,0,0,0,0,0,0,0,0,,0.0,,0.0,0,0,0,0,0,,0.0,"by grower, season, activity"
4,Winter,Seeding,0,0,0,0,0,0,0,0,,0.0,,0.0,0,0,0,0,0,,0.0,"by grower, season, activity"
4,Winter,Transplanting,0,0,0,0,0,0,0,0,,0.0,,0.0,0,0,0,0,0,,0.0,"by grower, season, activity"
4,Winter,Watering,1,1,1,1,0,0,0,0,50.0,5.0,,0.166666,0,1,0,0,0,,0.83333,"by grower, season, activity"
4,Winter,Weeding,1,1,1,1,0,0,0,0,100.0,1.0,,0.08333333,0,1,0,0,0,,0.08333333,"by grower, season, activity"
5,Fall,Harvesting,1,0,1,1,0,0,0,0,0.0,4.0,100.0,1.0,0,1,0,0,1,100.0,4.0,"by grower, season, activity"
5,Fall,Preparing beds,1,1,1,1,0,0,0,0,40.0,5.0,100.0,2.0,1,1,0,1,1,100.0,10.0,"by grower, season, activity"
5,Fall,Seeding,0,0,0,0,0,0,0,0,,0.0,,0.0,0,0,0,0,0,,0.0,"by grower, season, activity"
5,Fall,Transplanting,1,0,1,1,0,0,0,0,100.0,2.0,100.0,1.0,1,1,0,0,0,100.0,2.0,"by grower, season, activity"
5,Fall,Watering,1,0,1,1,1,0,0,0,0.0,30.0,100.0,1.0,0,0,0,0,1,100.0,30.0,"by grower, season, activity"
5,Fall,Weeding,1,0,1,1,0,0,0,0,50.0,20.0,100.0,1.0,1,1,0,0,0,100.0,20.0,"by grower, season, activity"
5,Spring,Harvesting,1,0,1,1,0,0,0,0,0.0,2.0,,1.0,1,1,0,0,0,100.0,2.0,"by grower, season, activity"
5,Spring,Preparing beds,1,1,1,1,1,0,0,0,100.0,4.0,100.0,2.0,0,1,0,1,0,100.0,8.0,"by grower, season, activity"
5,Spring,Seeding,1,1,1,1,1,0,0,0,100.0,4.0,100.0,3.0,0,1,0,0,1,100.0,12.0,"by grower, season, activity"
5,Spring,Transplanting,1,1,1,1,1,0,0,0,100.0,4.0,100.0,2.0,1,1,0,0,0,100.0,8.0,"by grower, season, activity"
5,Spring,Watering,1,1,1,1,0,0,0,0,0.0,30.0,100.0,2.0,0,0,0,0,1,100.0,60.0,"by grower, season, activity"
5,Spring,Weeding,1,0,1,1,0,0,0,0,100.0,10.0,100.0,1.0,1,1,0,0,0,100.0,10.0,"by grower, season, activity"
5,Summer,Harvesting,1,1,0,0,0,0,1,1,25.0,8.0,100.0,1.5,1,1,0,0,1,100.0,12.0,"by grower, season, activity"
5,Summer,Preparing beds,1,1,1,1,0,0,1,1,75.0,3.0,100.0,2.0,1,1,0,1,1,100.0,6.0,"by grower, season, activity"
5,Summer,Seeding,0,0,0,0,0,0,0,0,,0.0,,0.0,0,0,0,0,0,,0.0,"by grower, season, activity"
5,Summer,Transplanting,1,1,0,0,0,0,1,1,100.0,2.0,100.0,2.0,1,1,0,1,1,100.0,4.0,"by grower, season, activity"
5,Summer,Watering,1,1,1,1,0,0,1,1,0.0,25.0,50.0,1.5,0,0,0,0,1,100.0,37.5,"by grower, season, activity"
5,Summer,Weeding,1,1,1,1,0,0,1,1,100.0,30.0,100.0,1.5,1,1,0,0,0,100.0,45.0,"by grower, season, activity"
5,Winter,Harvesting,1,1,1,1,1,0,0,0,100.0,1.0,100.0,3.0,1,1,0,1,1,100.0,3.0,"by grower, season, activity"
5,Winter,Preparing beds,0,0,0,0,0,0,0,0,,0.0,,0.0,0,0,0,0,0,,0.0,"by grower, season, activity"
5,Winter,Seeding,0,0,0,0,0,0,0,0,,0.0,,0.0,0,0,0,0,0,,0.0,"by grower, season, activity"
5,Winter,Transplanting,0,0,0,0,0,0,0,0,,0.0,,0.0,0,0,0,0,0,,0.0,"by grower, season, activity"
5,Winter,Watering,0,0,0,0,0,0,0,0,,0.0,,0.0,0,0,0,0,0,,0.0,"by grower, season, activity"
5,Winter,Weeding,0,0,0,0,0,0,0,0,,0.0,,0.0,0,0,0,0,0,,0.0,"by grower, season, activity"
6,Fall,Harvesting,1,0,1,0,0,0,1,0,0.0,2.0,,2.0,0,0,0,0,1,50.0,4.0,"by grower, season, activity"
6,Fall,Preparing beds,0,0,0,0,0,0,0,0,,0.0,,0.0,0,0,0,0,0,,0.0,"by grower, season, activity"
6,Fall,Seeding,0,0,0,0,0,0,0,0,,0.0,,0.0,0,0,0,0,0,,0.0,"by grower, season, activity"
6,Fall,Transplanting,0,0,0,0,0,0,0,0,,0.0,,0.0,0,0,0,0,0,,0.0,"by grower, season, activity"
6,Fall,Watering,0,0,0,0,0,0,0,0,,0.0,,0.0,0,0,0,0,0,,0.0,"by grower, season, activity"
6,Fall,Weeding,1,0,1,0,0,0,1,0,25.0,4.0,75.0,2.5,1,0,0,0,1,80.0,10.0,"by grower, season, activity"
6,Spring,Harvesting,1,0,1,0,0,0,1,0,5.0,4.0,,2.5,1,0,0,0,1,,10.0,"by grower, season, activity"
6,Spring,Preparing beds,1,1,1,0,0,0,1,0,10.0,5.0,90.0,4.0,0,1,1,0,1,30.0,20.0,"by grower, season, activity"
6,Spring,Seeding,1,1,1,0,0,0,1,0,5.0,2.0,5.0,0.5,0,0,0,0,1,90.0,1.0,"by grower, season, activity"
6,Spring,Transplanting,1,0,1,0,0,0,1,0,100.0,1.0,75.0,2.0,0,1,0,0,0,100.0,2.0,"by grower, season, activity"
6,Spring,Watering,1,0,1,0,0,0,1,0,0.0,30.0,,0.25,0,0,0,0,1,,7.5,"by grower, season, activity"
6,Spring,Weeding,1,1,1,0,0,0,1,0,80.0,30.0,95.0,4.0,0,1,0,0,1,80.0,120.0,"by grower, season, activity"
6,Summer,Harvesting,0,0,0,0,0,0,0,0,,0.0,,0.0,0,0,0,0,0,,0.0,"by grower, season, activity"
6,Summer,Preparing beds,1,0,1,0,0,0,1,1,10.0,1.0,50.0,4.0,0,0,0,0,1,50.0,4.0,"by grower, season, activity"
6,Summer,Seeding,0,0,0,0,0,0,0,0,,0.0,,0.0,0,0,0,0,0,,0.0,"by grower, season, activity"
6,Summer,Transplanting,1,0,0,0,0,0,1,1,90.0,1.0,95.0,1.0,0,1,0,0,0,,1.0,"by grower, season, activity"
6,Summer,Watering,1,0,0,0,0,0,1,1,0.0,30.0,,0.25,0,0,0,0,1,,7.5,"by grower, season, activity"
6,Summer,Weeding,1,0,1,0,0,0,1,1,95.0,3.0,85.0,6.0,1,1,0,0,1,90.0,18.0,"by grower, season, activity"
6,Winter,Harvesting,0,0,0,0,0,0,0,0,,0.0,,0.0,0,0,0,0,0,,0.0,"by grower, season, activity"
6,Winter,Preparing beds,0,0,0,0,0,0,0,0,,0.0,,0.0,0,0,0,0,0,,0.0,"by grower, season, activity"
6,Winter,Seeding,0,0,0,0,0,0,0,0,,0.0,,0.0,0,0,0,0,0,,0.0,"by grower, season, activity"
6,Winter,Transplanting,0,0,0,0,0,0,0,0,,0.0,,0.0,0,0,0,0,0,,0.0,"by grower, season, activity"
6,Winter,Watering,0,0,0,0,0,0,0,0,,0.0,,0.0,0,0,0,0,0,,0.0,"by grower, season, activity"
6,Winter,Weeding,0,0,0,0,0,0,0,0,,0.0,,0.0,0,0,0,0,0,,0.0,"by grower, season, activity"
7,Fall,Harvesting,1,1,1,1,0,0,0,0,40.0,10.0,90.0,1.0,1,1,0,1,1,30.0,10.0,"by grower, season, activity"
7,Fall,Preparing beds,1,1,1,1,0,0,0,0,80.0,20.0,20.0,8.0,1,1,0,1,1,90.0,160.0,"by grower, season, activity"
7,Fall,Seeding,1,1,1,1,0,0,0,0,100.0,5.0,,3.0,1,1,0,1,1,90.0,15.0,"by grower, season, activity"
7,Fall,Transplanting,1,1,1,1,0,0,0,0,90.0,30.0,10.0,1.5,1,1,0,1,1,90.0,45.0,"by grower, season, activity"
7,Fall,Watering,1,1,1,1,0,0,0,0,10.0,30.0,10.0,2.0,1,1,0,1,1,,60.0,"by grower, season, activity"
7,Fall,Weeding,1,1,1,1,0,0,0,0,100.0,15.0,100.0,1.0,1,1,0,1,1,90.0,15.0,"by grower, season, activity"
7,Spring,Harvesting,1,1,1,1,1,0,0,0,100.0,20.0,70.0,1.0,1,1,0,1,1,100.0,20.0,"by grower, season, activity"
7,Spring,Preparing beds,1,1,1,1,1,0,0,0,80.0,30.0,100.0,10.0,1,1,0,1,1,100.0,300.0,"by grower, season, activity"
7,Spring,Seeding,1,1,1,1,1,0,0,0,100.0,30.0,,1.0,1,1,0,1,1,100.0,30.0,"by grower, season, activity"
7,Spring,Transplanting,1,1,1,1,1,0,0,0,95.0,7.0,100.0,2.0,1,1,0,1,1,100.0,14.0,"by grower, season, activity"
7,Spring,Watering,1,1,1,1,1,0,0,0,0.0,10.0,,2.0,0,0,1,0,0,10.0,20.0,"by grower, season, activity"
7,Spring,Weeding,1,1,1,1,1,0,0,0,100.0,5.0,100.0,2.0,1,1,0,1,1,100.0,10.0,"by grower, season, activity"
7,Summer,Harvesting,1,1,1,1,1,0,0,0,90.0,7.0,100.0,2.0,1,1,0,1,1,90.0,14.0,"by grower, season, activity"
7,Summer,Preparing beds,1,1,1,1,1,0,0,0,90.0,15.0,100.0,10.0,1,1,0,1,1,90.0,150.0,"by grower, season, activity"
7,Summer,Seeding,1,1,1,1,1,0,0,0,99.0,30.0,90.0,2.0,0,0,0,1,0,95.0,60.0,"by grower, season, activity"
7,Summer,Transplanting,1,1,1,1,1,0,0,0,95.0,20.0,50.0,5.0,1,1,0,1,1,95.0,100.0,"by grower, season, activity"
7,Summer,Watering,1,1,1,1,1,0,0,0,10.0,10.0,95.0,3.0,1,1,0,1,1,,30.0,"by grower, season, activity"
7,Summer,Weeding,1,1,1,1,1,0,0,0,90.0,10.0,90.0,3.0,1,1,0,1,0,95.0,30.0,"by grower, season, activity"
7,Winter,Harvesting,1,1,1,1,0,0,0,0,80.0,10.0,80.0,1.0,1,1,0,1,1,80.0,10.0,"by grower, season, activity"
7,Winter,Preparing beds,1,1,1,1,1,0,0,0,80.0,7.0,30.0,4.0,1,1,0,1,1,95.0,28.0,"by grower, season, activity"
7,Winter,Seeding,0,0,0,0,0,0,0,0,,0.0,,0.0,0,0,0,0,0,,0.0,"by grower, season, activity"
7,Winter,Transplanting,1,1,1,1,0,0,0,0,80.0,2.0,80.0,2.0,1,1,0,1,1,80.0,4.0,"by grower, season, activity"
7,Winter,Watering,0,0,0,0,0,0,0,0,,0.0,,0.0,0,0,0,0,0,,0.0,"by grower, season, activity"
7,Winter,Weeding,1,1,1,1,0,0,0,0,80.0,2.0,80.0,2.0,1,1,0,1,1,80.0,4.0,"by grower, season, activity"
8,Fall,Harvesting,1,1,1,1,0,0,1,0,30.0,12.0,10.0,3.0,1,1,0,1,1,100.0,36.0,"by grower, season, activity"
8,Fall,Preparing beds,0,0,0,0,0,0,0,0,,0.0,,0.0,0,0,0,0,0,,0.0,"by grower, season, activity"
8,Fall,Seeding,0,0,0,0,0,0,0,0,,0.0,,0.0,0,0,0,0,0,,0.0,"by grower, season, activity"
8,Fall,Transplanting,0,0,0,0,0,0,0,0,,0.0,,0.0,0,0,0,0,0,,0.0,"by grower, season, activity"
8,Fall,Watering,1,1,1,1,0,0,1,0,0.0,5.0,100.0,1.5,1,0,0,0,1,,7.5,"by grower, season, activity"
8,Fall,Weeding,0,0,0,0,0,0,0,0,,0.0,,0.0,0,0,0,0,0,,0.0,"by grower, season, activity"
8,Spring,Harvesting,1,1,1,0,0,0,1,0,50.0,8.0,50.0,1.0,1,0,0,0,0,75.0,8.0,"by grower, season, activity"
8,Spring,Preparing beds,1,1,1,0,0,0,1,0,5.0,5.0,10.0,2.0,0,0,1,0,1,,10.0,"by grower, season, activity"
8,Spring,Seeding,1,1,1,0,0,0,1,0,0.0,5.0,,0.5,0,0,1,0,1,,2.5,"by grower, season, activity"
8,Spring,Transplanting,1,1,1,0,0,0,1,0,100.0,20.0,100.0,2.0,0,1,1,0,0,75.0,40.0,"by grower, season, activity"
8,Spring,Watering,1,1,1,0,0,0,1,0,25.0,20.0,,1.5,1,1,1,0,0,,30.0,"by grower, season, activity"
8,Spring,Weeding,1,1,1,0,0,0,1,0,100.0,5.0,100.0,1.0,0,1,0,0,1,100.0,5.0,"by grower, season, activity"
8,Summer,Harvesting,1,1,0,0,1,0,1,1,25.0,25.0,10.0,5.0,1,1,0,0,1,95.0,125.0,"by grower, season, activity"
8,Summer,Preparing beds,1,1,0,0,1,0,1,1,75.0,5.0,74.0,2.0,1,0,1,0,1,90.0,10.0,"by grower, season, activity"
8,Summer,Seeding,1,1,0,0,1,0,1,1,50.0,1.0,100.0,2.0,1,0,0,0,1,100.0,2.0,"by grower, season, activity"
8,Summer,Transplanting,0,0,0,0,0,0,0,0,,0.0,,0.0,0,0,0,0,0,,0.0,"by grower, season, activity"
8,Summer,Watering,1,1,0,0,1,0,1,1,50.0,5.0,,0.16,1,1,0,1,1,,0.8,"by grower, season, activity"
8,Summer,Weeding,1,1,0,0,1,0,1,1,100.0,2.0,75.0,1.0,0,1,0,0,0,75.0,2.0,"by grower, season, activity"
8,Winter,Harvesting,1,1,1,1,0,0,0,0,50.0,5.0,90.0,1.0,1,1,0,0,0,75.0,5.0,"by grower, season, activity"
8,Winter,Preparing beds,0,0,0,0,0,0,0,0,,0.0,,0.0,0,0,0,0,0,,0.0,"by grower, season, activity"
8,Winter,Seeding,0,0,0,0,0,0,0,0,,0.0,,0.0,0,0,0,0,0,,0.0,"by grower, season, activity"
8,Winter,Transplanting,0,0,0,0,0,0,0,0,,0.0,,0.0,0,0,0,0,0,,0.0,"by grower, season, activity"
8,Winter,Watering,0,0,0,0,0,0,0,0,,0.0,,0.0,0,0,0,0,0,,0.0,"by grower, season, activity"
8,Winter,Weeding,0,0,0,0,0,0,0,0,,0.0,,0.0,0,0,0,0,0,,0.0,"by grower, season, activity"
9,Fall,Harvesting,1,0,1,1,0,0,0,0,10.0,1.0,,0.25,1,0,0,0,0,,0.25,"by grower, season, activity"
9,Fall,Preparing beds,0,0,0,0,0,0,0,0,,0.0,,0.0,0,0,0,0,0,,0.0,"by grower, season, activity"
9,Fall,Seeding,0,0,0,0,0,0,0,0,,0.0,,0.0,0,0,0,0,0,,0.0,"by grower, season, activity"
9,Fall,Transplanting,0,0,0,0,0,0,0,0,,0.0,,0.0,0,0,0,0,0,,0.0,"by grower, season, activity"
9,Fall,Watering,0,0,0,0,0,0,0,0,,0.0,,0.0,0,0,0,0,0,,0.0,"by grower, season, activity"
9,Fall,Weeding,1,1,1,1,0,0,1,0,50.0,3.0,50.0,1.0,1,1,0,0,0,,3.0,"by grower, season, activity"
9,Spring,Harvesting,1,1,1,1,0,0,0,0,75.0,2.0,50.0,1.0,1,0,0,0,0,75.0,2.0,"by grower, season, activity"
9,Spring,Preparing beds,1,1,1,1,0,0,1,0,50.0,2.0,50.0,2.5,1,1,1,1,1,75.0,5.0,"by grower, season, activity"
9,Spring,Seeding,1,1,1,1,0,0,0,0,75.0,2.0,,1.0,1,1,0,1,1,75.0,2.0,"by grower, season, activity"
9,Spring,Transplanting,0,0,0,0,0,0,0,0,,0.0,,0.0,0,0,0,0,0,,0.0,"by grower, season, activity"
9,Spring,Watering,0,0,0,0,0,1,1,1,9.0,4.0,25.0,1.0,0,0,0,0,1,100.0,4.0,"by grower, season, activity"
9,Spring,Weeding,1,1,1,1,0,0,0,0,80.0,4.0,95.0,1.0,1,0,0,0,0,90.0,4.0,"by grower, season, activity"
9,Summer,Harvesting,1,0,0,0,0,0,1,1,75.0,4.0,,1.0,1,1,0,0,0,100.0,4.0,"by grower, season, activity"
9,Summer,Preparing beds,1,1,0,0,0,0,1,1,25.0,2.5,50.0,1.0,1,0,1,0,1,75.0,2.5,"by grower, season, activity"
9,Summer,Seeding,1,1,0,0,0,0,1,1,75.0,1.0,,2.0,1,1,0,0,1,100.0,2.0,"by grower, season, activity"
9,Summer,Transplanting,0,0,0,0,0,0,0,0,,0.0,,0.0,0,0,0,0,0,,0.0,"by grower, season, activity"
9,Summer,Watering,1,1,0,0,0,0,1,1,0.0,8.0,,0.25,0,0,0,0,1,100.0,2.0,"by grower, season, activity"
9,Summer,Weeding,1,1,1,1,0,0,1,1,75.0,12.0,50.0,0.5,1,0,0,0,0,75.0,6.0,"by grower, season, activity"
9,Winter,Harvesting,0,0,0,0,0,0,0,0,,0.0,,0.0,0,0,0,0,0,,0.0,"by grower, season, activity"
9,Winter,Preparing beds,0,0,0,0,0,0,0,0,,0.0,,0.0,0,0,0,0,0,,0.0,"by grower, season, activity"
9,Winter,Seeding,0,0,0,0,0,0,0,0,,0.0,,0.0,0,0,0,0,0,,0.0,"by grower, season, activity"
9,Winter,Transplanting,0,0,0,0,0,0,0,0,,0.0,,0.0,0,0,0,0,0,,0.0,"by grower, season, activity"
9,Winter,Watering,0,0,0,0,0,0,0,0,,0.0,,0.0,0,0,0,0,0,,0.0,"by grower, season, activity"
9,Winter,Weeding,0,0,0,0,0,0,0,0,,0.0,,0.0,0,0,0,0,0,,0.0,"by grower, season, activity"
10,Fall,Harvesting,1,1,1,1,1,0,1,0,90.0,10.0,50.0,0.75,1,1,0,1,1,,7.5,"by grower, season, activity"
10,Fall,Preparing beds,1,1,1,1,1,0,1,0,85.0,3.0,93.0,2.5,1,1,0,1,1,,7.5,"by grower, season, activity"
10,Fall,Seeding,1,1,1,0,1,0,1,0,95.0,1.0,95.0,1.5,1,1,0,1,1,,1.5,"by grower, season, activity"
10,Fall,Transplanting,1,1,1,0,0,0,1,0,95.0,1.0,95.0,1.5,1,1,0,0,1,,1.5,"by grower, season, activity"
10,Fall,Watering,1,1,1,1,0,0,1,0,10.0,10.0,,1.5,1,1,0,0,1,,15.0,"by grower, season, activity"
10,Fall,Weeding,1,1,1,1,1,0,1,0,95.0,3.0,90.0,1.0,1,1,0,1,1,,3.0,"by grower, season, activity"
10,Spring,Harvesting,1,1,1,0,0,0,1,0,0.0,5.0,,1.0,1,1,0,0,0,,5.0,"by grower, season, activity"
10,Spring,Preparing beds,1,1,1,1,0,0,1,0,100.0,5.0,100.0,1.5,1,1,0,1,1,,7.5,"by grower, season, activity"
10,Spring,Seeding,1,1,1,1,0,0,1,0,100.0,1.0,80.0,1.5,1,1,0,1,1,,1.5,"by grower, season, activity"
10,Spring,Transplanting,1,1,1,1,0,0,1,0,100.0,1.0,100.0,1.5,1,1,0,1,1,,1.5,"by grower, season, activity"
10,Spring,Watering,1,1,1,1,0,0,1,0,10.0,12.0,,1.0,0,0,0,0,1,100.0,12.0,"by grower, season, activity"
10,Spring,Weeding,1,1,1,1,0,0,1,0,100.0,3.5,100.0,1.0,1,1,0,1,1,,3.5,"by grower, season, activity"
10,Summer,Harvesting,1,1,0,0,1,0,1,1,100.0,3.0,95.0,0.25,1,1,0,1,1,,0.75,"by grower, season, activity"
10,Summer,Preparing beds,1,1,0,0,1,0,1,1,100.0,2.0,99.0,1.0,1,1,0,1,1,5.0,2.0,"by grower, season, activity"
10,Summer,Seeding,1,1,0,0,1,0,1,1,100.0,1.0,95.0,1.0,1,1,0,1,1,,1.0,"by grower, season, activity"
10,Summer,Transplanting,1,1,0,0,1,0,1,1,100.0,1.0,100.0,0.5,1,1,0,1,1,,0.5,"by grower, season, activity"
10,Summer,Watering,0,0,0,0,0,0,0,0,,0.0,,0.0,0,0,0,0,0,,0.0,"by grower, season, activity"
10,Summer,Weeding,1,1,0,0,1,0,1,1,95.0,5.0,99.0,1.25,1,1,0,1,1,,6.25,"by grower, season, activity"
10,Winter,Harvesting,0,0,0,0,0,0,0,0,,0.0,,0.0,0,0,0,0,0,,0.0,"by grower, season, activity"
10,Winter,Preparing beds,1,1,1,1,0,0,0,0,25.0,2.0,100.0,0.5,1,0,0,0,1,100.0,1.0,"by grower, season, activity"
10,Winter,Seeding,0,0,0,0,0,0,0,0,,0.0,,0.0,0,0,0,0,0,,0.0,"by grower, season, activity"
10,Winter,Transplanting,0,0,0,0,0,0,0,0,,0.0,,0.0,0,0,0,0,0,,0.0,"by grower, season, activity"
10,Winter,Watering,1,1,1,1,0,0,0,0,0.0,5.0,100.0,0.5,1,0,0,0,1,100.0,2.5,"by grower, season, activity"
10,Winter,Weeding,1,1,1,1,0,0,0,0,100.0,1.0,100.0,0.5,1,1,0,1,1,100.0,0.5,"by grower, season, activity"
11,Fall,Harvesting,1,1,1,1,1,0,0,0,33.0,6.0,100.0,2.0,1,0,1,0,0,,12.0,"by grower, season, activity"
11,Fall,Preparing beds,0,0,0,0,0,0,0,0,,0.0,,0.0,0,0,0,0,0,,0.0,"by grower, season, activity"
11,Fall,Seeding,0,0,0,0,0,0,0,0,,0.0,,0.0,0,0,0,0,0,,0.0,"by grower, season, activity"
11,Fall,Transplanting,0,0,0,0,0,0,0,0,,0.0,,0.0,0,0,0,0,0,,0.0,"by grower, season, activity"
11,Fall,Watering,0,0,0,0,0,0,0,0,,0.0,,0.0,0,0,0,0,0,,0.0,"by grower, season, activity"
11,Fall,Weeding,0,0,0,0,0,0,0,0,,0.0,,0.0,0,0,0,0,0,,0.0,"by grower, season, activity"
11,Spring,Harvesting,1,1,1,1,1,0,1,0,95.0,4.0,100.0,1.0,1,0,0,0,0,,4.0,"by grower, season, activity"
11,Spring,Preparing beds,1,1,1,1,0,0,1,0,0.0,5.0,100.0,6.0,0,0,1,0,1,,30.0,"by grower, season, activity"
11,Spring,Seeding,1,1,1,1,1,0,1,0,0.0,1.0,75.0,2.0,1,0,0,0,1,,2.0,"by grower, season, activity"
11,Spring,Transplanting,1,1,1,1,1,0,1,0,100.0,2.0,100.0,3.0,1,1,0,0,0,,6.0,"by grower, season, activity"
11,Spring,Watering,1,1,1,1,1,0,1,0,0.0,30.0,25.0,1.0,0,0,1,0,1,,30.0,"by grower, season, activity"
11,Spring,Weeding,1,1,1,1,1,0,1,0,80.0,4.0,100.0,0.5,1,0,0,0,0,,2.0,"by grower, season, activity"
11,Summer,Harvesting,0,1,0,0,1,1,1,1,10.0,24.0,100.0,3.0,1,1,0,0,1,85.0,72.0,"by grower, season, activity"
11,Summer,Preparing beds,0,0,0,0,0,0,0,0,,0.0,,0.0,0,0,0,0,0,,0.0,"by grower, season, activity"
11,Summer,Seeding,0,0,0,0,0,0,0,0,,0.0,,0.0,0,0,0,0,0,,0.0,"by grower, season, activity"
11,Summer,Transplanting,0,1,0,0,1,1,1,1,100.0,2.0,100.0,1.0,0,1,1,0,0,,2.0,"by grower, season, activity"
11,Summer,Watering,0,1,0,0,1,1,1,1,0.0,30.0,10.0,0.5,0,0,0,0,1,,15.0,"by grower, season, activity"
11,Summer,Weeding,0,0,0,0,0,0,0,0,,0.0,,0.0,0,0,0,0,0,,0.0,"by grower, season, activity"
11,Winter,Harvesting,0,0,0,0,0,0,0,0,,0.0,,0.0,0,0,0,0,0,,0.0,"by grower, season, activity"
11,Winter,Preparing beds,0,0,0,0,0,0,0,0,,0.0,,0.0,0,0,0,0,0,,0.0,"by grower, season, activity"
11,Winter,Seeding,0,0,0,0,0,0,0,0,,0.0,,0.0,0,0,0,0,0,,0.0,"by grower, season, activity"
11,Winter,Transplanting,0,0,0,0,0,0,0,0,,0.0,,0.0,0,0,0,0,0,,0.0,"by grower, season, activity"
11,Winter,Watering,0,0,0,0,0,0,0,0,,0.0,,0.0,0,0,0,0,0,,0.0,"by grower, season, activity"
11,Winter,Weeding,0,0,0,0,0,0,0,0,,0.0,,0.0,0,0,0,0,0,,0.0,"by grower, season, activity"
12,Fall,Harvesting,1,0,1,1,0,0,1,1,10.0,25.0,,0.333333333,1,0,0,0,0,,8.333333325,"by grower, season, activity"
12,Fall,Preparing beds,1,0,1,1,0,0,1,1,30.0,4.5,25.0,6.0,1,1,0,1,1,20.0,27.0,"by grower, season, activity"
12,Fall,Seeding,1,0,1,1,0,0,0,1,70.0,2.0,,1.5,1,1,0,1,1,,3.0,"by grower, season, activity"
12,Fall,Transplanting,0,0,0,0,0,0,0,0,,0.0,,0.0,0,0,0,0,0,,0.0,"by grower, season, activity"
12,Fall,Watering,0,0,0,0,0,0,0,0,,0.0,,0.0,0,0,0,0,0,,0.0,"by grower, season, activity"
12,Fall,Weeding,1,0,1,1,0,0,1,1,5.0,4.0,,3.0,1,1,0,1,1,,12.0,"by grower, season, activity"
12,Spring,Harvesting,1,1,0,1,0,0,0,1,5.0,8.0,,3.5,1,0,0,0,1,,28.0,"by grower, season, activity"
12,Spring,Preparing beds,1,1,0,1,1,0,0,1,20.0,5.0,75.0,6.0,1,1,0,1,1,,30.0,"by grower, season, activity"
12,Spring,Seeding,1,1,0,1,0,0,0,1,20.0,3.0,,4.0,1,0,0,0,1,,12.0,"by grower, season, activity"
12,Spring,Transplanting,1,1,0,1,0,0,0,1,100.0,23.0,,5.0,1,1,0,1,1,,115.0,"by grower, season, activity"
12,Spring,Watering,1,1,0,1,0,0,0,1,0.0,10.0,,8.0,1,0,1,0,0,,80.0,"by grower, season, activity"
12,Spring,Weeding,1,1,0,1,0,0,0,1,75.0,5.0,,4.0,1,1,0,1,1,,20.0,"by grower, season, activity"
12,Summer,Harvesting,1,1,0,1,0,0,0,1,25.0,8.0,25.0,4.5,1,0,0,0,1,75.0,36.0,"by grower, season, activity"
12,Summer,Preparing beds,1,1,0,1,0,0,0,1,0.0,2.5,,3.0,0,0,0,0,1,50.0,7.5,"by grower, season, activity"
12,Summer,Seeding,1,1,0,1,0,0,0,1,0.0,1.0,,2.0,0,0,0,0,1,,2.0,"by grower, season, activity"
12,Summer,Transplanting,1,1,0,1,0,0,0,1,75.0,2.0,,4.0,1,0,0,0,1,,8.0,"by grower, season, activity"
12,Summer,Watering,1,1,0,1,0,0,0,1,0.0,15.0,,4.0,0,0,1,0,1,,60.0,"by grower, season, activity"
12,Summer,Weeding,1,1,0,1,0,0,0,1,75.0,15.0,80.0,4.5,1,1,0,0,1,20.0,67.5,"by grower, season, activity"
12,Winter,Harvesting,0,0,0,0,0,0,0,0,,0.0,,0.0,0,0,0,0,0,,0.0,"by grower, season, activity"
12,Winter,Preparing beds,1,1,1,1,0,0,0,0,30.0,7.0,100.0,7.0,0,0,0,0,1,,49.0,"by grower, season, activity"
12,Winter,Seeding,0,0,0,0,0,0,0,0,,0.0,,0.0,0,0,0,0,0,,0.0,"by grower, season, activity"
12,Winter,Transplanting,0,0,0,0,0,0,0,0,,0.0,,0.0,0,0,0,0,0,,0.0,"by grower, season, activity"
12,Winter,Watering,0,0,0,0,0,0,0,0,,0.0,,0.0,0,0,0,0,0,,0.0,"by grower, season, activity"
12,Winter,Weeding,0,0,0,0,0,0,0,0,,0.0,,0.0,0,0,0,0,0,,0.0,"by grower, season, activity"
13,Fall,Harvesting,1,1,1,1,0,0,1,0,33.0,4.0,,0.25,0,0,1,0,1,50.0,1.0,"by grower, season, activity"
13,Fall,Preparing beds,1,1,1,1,0,0,1,0,25.0,2.0,,0.166666,0,1,1,0,0,100.0,0.333332,"by grower, season, activity"
13,Fall,Seeding,1,0,1,1,0,0,1,0,0.0,1.0,,0.016666667,0,0,0,0,1,,0.016666667,"by grower, season, activity"
13,Fall,Transplanting,0,0,0,0,0,0,0,0,,0.0,,0.0,0,0,0,0,0,,0.0,"by grower, season, activity"
13,Fall,Watering,0,0,0,0,0,0,0,0,,0.0,,0.0,0,0,0,0,0,,0.0,"by grower, season, activity"
13,Fall,Weeding,1,1,1,1,0,0,1,0,25.0,1.0,,0.083333333,0,0,1,0,0,,0.083333333,"by grower, season, activity"
13,Spring,Harvesting,1,0,1,0,0,0,1,0,10.0,5.0,,0.25,0,0,1,0,0,100.0,1.25,"by grower, season, activity"
13,Spring,Preparing beds,1,1,1,0,0,0,1,0,50.0,1.0,10.0,2.0,0,1,0,0,1,,2.0,"by grower, season, activity"
13,Spring,Seeding,1,0,1,0,0,0,1,0,21.0,1.0,,0.25,0,1,0,0,0,90.0,0.25,"by grower, season, activity"
13,Spring,Transplanting,1,0,1,0,0,0,1,0,20.0,1.0,,1.0,0,1,0,0,0,100.0,1.0,"by grower, season, activity"
13,Spring,Watering,1,0,1,0,0,0,1,0,0.0,6.0,,0.5,0,1,1,0,1,80.0,3.0,"by grower, season, activity"
13,Spring,Weeding,1,0,1,0,0,0,1,0,67.0,2.0,20.0,0.25,1,1,1,0,1,80.0,0.5,"by grower, season, activity"
13,Summer,Harvesting,1,1,1,0,0,0,1,0,0.0,7.0,,10.0,1,0,1,1,0,,70.0,"by grower, season, activity"
13,Summer,Preparing beds,0,0,0,0,0,0,0,0,,0.0,,0.0,0,0,0,0,0,,0.0,"by grower, season, activity"
13,Summer,Seeding,0,0,0,0,0,0,0,0,,0.0,,0.0,0,0,0,0,0,,0.0,"by grower, season, activity"
13,Summer,Transplanting,0,0,0,0,0,0,0,0,,0.0,,0.0,0,0,0,0,0,,0.0,"by grower, season, activity"
13,Summer,Watering,1,1,1,0,0,0,1,0,0.0,10.0,,0.333,0,0,0,0,1,,3.33,"by grower, season, activity"
13,Summer,Weeding,1,1,1,0,0,0,1,0,10.0,2.0,,0.3,0,1,1,0,0,33.0,0.6,"by grower, season, activity"
13,Winter,Harvesting,0,0,0,0,0,0,0,0,,0.0,,0.0,0,0,0,0,0,,0.0,"by grower, season, activity"
13,Winter,Preparing beds,0,0,0,0,0,0,0,0,,0.0,,0.0,0,0,0,0,0,,0.0,"by grower, season, activity"
13,Winter,Seeding,0,0,0,0,0,0,0,0,,0.0,,0.0,0,0,0,0,0,,0.0,"by grower, season, activity"
13,Winter,Transplanting,0,0,0,0,0,0,0,0,,0.0,,0.0,0,0,0,0,0,,0.0,"by grower, season, activity"
13,Winter,Watering,0,0,0,0,0,0,0,0,,0.0,,0.0,0,0,0,0,0,,0.0,"by grower, season, activity"
13,Winter,Weeding,0,0,0,0,0,0,0,0,,0.0,,0.0,0,0,0,0,0,,0.0,"by grower, season, activity"
14,Fall,Harvesting,1,1,1,1,0,0,0,0,25.0,8.0,50.0,2.0,1,1,0,0,0,75.0,16.0,"by grower, season, activity"
14,Fall,Preparing beds,0,0,0,0,0,0,0,0,,0.0,,0.0,0,0,0,0,0,,0.0,"by grower, season, activity"
14,Fall,Seeding,0,0,0,0,0,0,0,0,,0.0,,0.0,0,0,0,0,0,,0.0,"by grower, season, activity"
14,Fall,Transplanting,1,1,1,1,0,0,0,0,100.0,1.0,100.0,0.5,0,1,0,0,0,100.0,0.5,"by grower, season, activity"
14,Fall,Watering,1,1,1,1,0,0,0,0,10.0,3.0,50.0,0.5,0,0,0,0,1,20.0,1.5,"by grower, season, activity"
14,Fall,Weeding,1,1,1,1,0,0,0,0,50.0,2.0,75.0,1.0,1,1,0,0,0,50.0,2.0,"by grower, season, activity"
14,Spring,Harvesting,1,1,1,1,0,0,0,0,50.0,12.0,50.0,2.0,1,1,1,0,0,50.0,24.0,"by grower, season, activity"
14,Spring,Preparing beds,1,1,1,1,0,0,0,0,50.0,6.0,50.0,2.0,1,0,0,0,1,50.0,12.0,"by grower, season, activity"
14,Spring,Seeding,1,1,1,1,0,0,0,0,15.0,6.0,25.0,0.5,0,0,0,1,1,,3.0,"by grower, season, activity"
14,Spring,Transplanting,1,1,1,1,0,0,0,0,85.0,6.0,75.0,1.0,0,1,0,0,0,75.0,6.0,"by grower, season, activity"
14,Spring,Watering,1,1,1,1,0,0,0,0,15.0,29.0,25.0,2.0,0,0,0,0,1,,58.0,"by grower, season, activity"
14,Spring,Weeding,1,1,1,1,0,0,0,0,25.0,20.0,50.0,0.5,1,0,1,0,1,76.0,10.0,"by grower, season, activity"
14,Summer,Harvesting,1,1,1,0,0,0,1,0,10.0,8.0,,1.0,1,1,0,0,1,75.0,8.0,"by grower, season, activity"
14,Summer,Preparing beds,0,0,0,0,0,0,0,0,,0.0,,0.0,0,0,0,0,0,,0.0,"by grower, season, activity"
14,Summer,Seeding,1,1,1,0,0,0,1,0,75.0,1.0,,1.0,0,0,0,0,1,100.0,1.0,"by grower, season, activity"
14,Summer,Transplanting,1,1,1,0,0,0,1,0,75.0,2.0,,0.5,0,1,0,0,0,50.0,1.0,"by grower, season, activity"
14,Summer,Watering,1,1,1,0,0,0,1,0,10.0,10.0,,1.0,1,1,0,0,1,,10.0,"by grower, season, activity"
14,Summer,Weeding,1,1,1,0,0,0,1,0,90.0,10.0,,0.5,1,1,0,0,0,75.0,5.0,"by grower, season, activity"
14,Winter,Harvesting,1,1,1,1,0,0,0,0,0.0,2.0,,0.25,1,0,0,0,0,75.0,0.5,"by grower, season, activity"
14,Winter,Preparing beds,0,0,0,0,0,0,0,0,,0.0,,0.0,0,0,0,0,0,,0.0,"by grower, season, activity"
14,Winter,Seeding,0,0,0,0,0,0,0,0,,0.0,,0.0,0,0,0,0,0,,0.0,"by grower, season, activity"
14,Winter,Transplanting,0,0,0,0,0,0,0,0,,0.0,,0.0,0,0,0,0,0,,0.0,"by grower, season, activity"
14,Winter,Watering,0,0,0,0,0,0,0,0,,0.0,,0.0,0,0,0,0,0,,0.0,"by grower, season, activity"
14,Winter,Weeding,0,0,0,0,0,0,0,0,,0.0,,0.0,0,0,0,0,0,,0.0,"by grower, season, activity"
15,Fall,Harvesting,1,1,1,1,0,0,1,1,100.0,10.0,,6.0,0,0,1,0,0,30.0,60.0,"by grower, season, activity"
15,Fall,Preparing beds,1,1,1,1,0,0,1,1,2.0,8.0,3.0,5.5,0,0,1,0,0,25.0,44.0,"by grower, season, activity"
15,Fall,Seeding,0,0,1,1,0,0,0,0,,8.0,3.0,5.5,0,0,1,0,0,,44.0,"by grower, season, activity"
15,Fall,Transplanting,0,0,0,0,0,0,0,0,,0.0,,0.0,0,0,0,0,0,,0.0,"by grower, season, activity"
15,Fall,Watering,0,0,0,0,0,0,0,0,,0.0,,0.0,0,0,0,0,0,,0.0,"by grower, season, activity"
15,Fall,Weeding,1,1,1,1,0,0,0,1,0.0,3.0,100.0,4.0,0,0,1,0,0,100.0,12.0,"by grower, season, activity"
15,Spring,Harvesting,1,1,1,0,0,0,1,1,10.0,2.0,8.0,6.0,0,0,1,0,0,85.0,12.0,"by grower, season, activity"
15,Spring,Preparing beds,0,0,0,0,0,0,0,0,,0.0,,0.0,0,0,0,0,0,,0.0,"by grower, season, activity"
15,Spring,Seeding,1,1,1,1,1,0,1,1,2.0,15.0,,8.0,0,0,1,0,0,90.0,120.0,"by grower, season, activity"
15,Spring,Transplanting,0,0,0,0,0,0,0,0,,0.0,,0.0,0,0,0,0,0,,0.0,"by grower, season, activity"
15,Spring,Watering,0,0,0,0,0,0,0,0,,0.0,,0.0,0,0,0,0,0,,0.0,"by grower, season, activity"
15,Spring,Weeding,1,1,1,1,1,0,1,1,0.0,4.0,100.0,4.0,0,0,1,0,0,100.0,16.0,"by grower, season, activity"
15,Summer,Harvesting,0,0,0,0,0,0,0,0,,0.0,,0.0,0,0,0,0,0,,0.0,"by grower, season, activity"
15,Summer,Preparing beds,0,0,0,0,0,0,0,0,,0.0,,0.0,0,0,0,0,0,,0.0,"by grower, season, activity"
15,Summer,Seeding,0,0,0,0,0,0,0,0,,0.0,,0.0,0,0,0,0,0,,0.0,"by grower, season, activity"
15,Summer,Transplanting,0,0,0,0,0,0,0,0,,0.0,,0.0,0,0,0,0,0,,0.0,"by grower, season, activity"
15,Summer,Watering,0,0,0,0,0,0,0,0,,0.0,,0.0,0,0,0,0,0,,0.0,"by grower, season, activity"
15,Summer,Weeding,0,0,0,0,0,0,0,0,,0.0,,0.0,0,0,0,0,0,,0.0,"by grower, season, activity"
15,Winter,Harvesting,0,0,0,0,0,0,0,0,,0.0,,0.0,0,0,0,0,0,,0.0,"by grower, season, activity"
15,Winter,Preparing beds,0,0,0,0,0,0,0,0,,0.0,,0.0,0,0,0,0,0,,0.0,"by grower, season, activity"
15,Winter,Seeding,0,0,0,0,0,0,0,0,,0.0,,0.0,0,0,0,0,0,,0.0,"by grower, season, activity"
15,Winter,Transplanting,0,0,0,0,0,0,0,0,,0.0,,0.0,0,0,0,0,0,,0.0,"by grower, season, activity"
15,Winter,Watering,0,0,0,0,0,0,0,0,,0.0,,0.0,0,0,0,0,0,,0.0,"by grower, season, activity"
15,Winter,Weeding,0,0,0,0,0,0,0,0,,0.0,,0.0,0,0,0,0,0,,0.0,"by grower, season, activity"
16,Fall,Harvesting,1,0,1,1,0,0,1,0,50.0,8.0,,4.5,1,1,0,1,1,100.0,36.0,"by grower, season, activity"
16,Fall,Preparing beds,1,1,1,1,0,0,0,0,20.0,5.0,,3.5,1,1,0,1,1,50.0,17.5,"by grower, season, activity"
16,Fall,Seeding,1,0,1,1,1,0,1,0,50.0,3.0,,1.0,1,1,0,1,1,50.0,3.0,"by grower, season, activity"
16,Fall,Transplanting,1,0,1,1,0,0,1,0,80.0,3.0,,2.0,1,1,0,1,0,50.0,6.0,"by grower, season, activity"
16,Fall,Watering,0,0,0,0,0,0,0,0,,0.0,,0.0,0,0,0,0,0,,0.0,"by grower, season, activity"
16,Fall,Weeding,1,0,1,1,0,0,1,0,50.0,2.0,,2.0,1,1,0,1,1,50.0,4.0,"by grower, season, activity"
16,Spring,Harvesting,1,1,1,0,1,1,1,0,50.0,9.0,80.0,8.5,1,1,0,1,1,100.0,76.5,"by grower, season, activity"
16,Spring,Preparing beds,1,1,1,0,1,1,1,1,15.0,10.0,,3.0,0,0,0,0,1,50.0,30.0,"by grower, season, activity"
16,Spring,Seeding,1,1,1,0,1,1,1,0,70.0,5.0,,1.0,0,1,0,0,1,50.0,5.0,"by grower, season, activity"
16,Spring,Transplanting,1,1,1,0,0,0,1,0,100.0,7.0,,4.0,1,1,0,1,0,50.0,28.0,"by grower, season, activity"
16,Spring,Watering,1,1,1,0,1,1,1,0,0.0,25.0,,0.5,0,0,0,0,1,,12.5,"by grower, season, activity"
16,Spring,Weeding,1,1,1,0,1,1,1,1,50.0,10.0,,2.0,1,1,0,1,1,50.0,20.0,"by grower, season, activity"
16,Summer,Harvesting,1,1,0,0,1,1,1,1,50.0,15.0,50.0,6.0,1,1,0,1,1,100.0,90.0,"by grower, season, activity"
16,Summer,Preparing beds,1,1,0,0,1,1,1,1,25.0,5.0,,5.0,1,0,0,0,1,50.0,25.0,"by grower, season, activity"
16,Summer,Seeding,1,1,0,0,1,1,1,1,0.0,2.0,,1.0,0,0,0,0,1,,2.0,"by grower, season, activity"
16,Summer,Transplanting,1,1,0,0,1,1,1,1,100.0,5.0,20.0,3.0,0,1,0,1,0,50.0,15.0,"by grower, season, activity"
16,Summer,Watering,1,1,0,0,1,1,1,1,0.0,20.0,,3.0,0,0,1,0,1,,60.0,"by grower, season, activity"
16,Summer,Weeding,1,1,0,0,1,0,1,1,75.0,10.0,26.0,2.0,1,1,0,1,1,50.0,20.0,"by grower, season, activity"
16,Winter,Harvesting,1,1,1,1,0,0,0,0,80.0,6.0,,0.333333,1,1,0,0,0,100.0,1.999998,"by grower, season, activity"
16,Winter,Preparing beds,0,0,0,0,0,0,0,0,,0.0,,0.0,0,0,0,0,0,,0.0,"by grower, season, activity"
16,Winter,Seeding,1,1,1,1,0,0,0,0,100.0,4.0,,2.0,0,0,0,1,0,100.0,8.0,"by grower, season, activity"
16,Winter,Transplanting,0,0,0,0,0,0,0,0,,0.0,,0.0,0,0,0,0,0,,0.0,"by grower, season, activity"
16,Winter,Watering,0,0,0,0,0,0,0,0,,0.0,,0.0,0,0,0,0,0,,0.0,"by grower, season, activity"
16,Winter,Weeding,1,1,1,1,0,0,0,0,80.0,1.0,100.0,2.0,1,1,0,1,1,100.0,2.0,"by grower, season, activity"
17,Fall,Harvesting,1,0,1,1,0,0,0,0,10.0,2.0,10.0,0.75,1,0,0,0,0,80.0,1.5,"by grower, season, activity"
17,Fall,Preparing beds,1,0,1,1,0,0,0,0,50.0,4.0,,0.5,1,1,0,0,1,75.0,2.0,"by grower, season, activity"
17,Fall,Seeding,1,0,1,1,0,0,0,0,80.0,1.0,,1.0,0,1,0,0,0,100.0,1.0,"by grower, season, activity"
17,Fall,Transplanting,1,0,1,1,0,0,0,0,80.0,1.0,,1.5,0,1,0,0,0,100.0,1.5,"by grower, season, activity"
17,Fall,Watering,1,0,1,1,0,0,0,0,0.0,1.0,,0.75,0,0,0,0,1,,0.75,"by grower, season, activity"
17,Fall,Weeding,1,0,1,1,0,0,0,0,95.0,1.0,,1.5,0,1,0,1,0,100.0,1.5,"by grower, season, activity"
17,Spring,Harvesting,1,0,1,1,0,0,0,1,70.0,24.0,,0.5,1,0,0,0,0,100.0,12.0,"by grower, season, activity"
17,Spring,Preparing beds,0,1,1,1,1,1,0,1,90.0,3.0,80.0,3.0,1,1,0,0,0,100.0,9.0,"by grower, season, activity"
17,Spring,Seeding,0,1,0,1,0,1,0,1,100.0,22.0,50.0,1.0,0,1,0,0,0,100.0,22.0,"by grower, season, activity"
17,Spring,Transplanting,0,1,0,1,0,1,0,1,100.0,5.0,50.0,1.0,0,1,0,0,0,100.0,5.0,"by grower, season, activity"
17,Spring,Watering,0,0,1,1,0,1,1,0,10.0,26.0,,0.5,0,0,0,0,1,100.0,13.0,"by grower, season, activity"
17,Spring,Weeding,1,1,1,0,0,1,1,0,100.0,16.0,60.0,2.0,0,1,0,1,0,100.0,32.0,"by grower, season, activity"
17,Summer,Harvesting,0,1,0,0,0,1,1,1,20.0,15.0,,0.5,1,0,0,0,0,100.0,7.5,"by grower, season, activity"
17,Summer,Preparing beds,0,1,0,0,0,1,1,1,95.0,4.0,50.0,2.5,1,1,0,0,1,90.0,10.0,"by grower, season, activity"
17,Summer,Seeding,0,0,0,0,0,0,0,0,,0.0,,0.0,0,0,0,0,0,,0.0,"by grower, season, activity"
17,Summer,Transplanting,0,1,0,0,0,1,1,1,100.0,2.0,40.0,1.0,0,1,0,0,0,100.0,2.0,"by grower, season, activity"
17,Summer,Watering,0,1,0,0,0,1,1,1,5.0,5.0,1.0,0.5,0,0,0,0,1,,2.5,"by grower, season, activity"
17,Summer,Weeding,0,1,1,0,0,1,1,1,100.0,25.0,30.0,1.0,1,0,0,1,0,100.0,25.0,"by grower, season, activity"
17,Winter,Harvesting,1,1,1,1,0,0,0,0,25.0,3.0,100.0,0.5,0,1,0,0,0,,1.5,"by grower, season, activity"
17,Winter,Preparing beds,0,0,0,0,0,0,0,0,,0.0,,0.0,0,0,0,0,0,,0.0,"by grower, season, activity"
17,Winter,Seeding,0,0,0,0,0,0,0,0,,0.0,,0.0,0,0,0,0,0,,0.0,"by grower, season, activity"
17,Winter,Transplanting,0,0,0,0,0,0,0,0,,0.0,,0.0,0,0,0,0,0,,0.0,"by grower, season, activity"
17,Winter,Watering,0,0,0,0,0,0,0,0,,0.0,,0.0,0,0,0,0,0,,0.0,"by grower, season, activity"
17,Winter,Weeding,1,1,1,1,0,0,0,0,50.0,1.0,,0.25,1,0,0,0,0,100.0,0.25,"by grower, season, activity"
18,Spring,Harvesting,1,0,1,0,1,0,1,1,5.0,2.0,,1.5,1,1,0,0,1,100.0,3.0,"by grower, season, activity"
18,Spring,Preparing beds,1,0,1,0,1,0,1,1,10.0,15.0,30.0,2.0,1,0,0,0,1,,30.0,"by grower, season, activity"
18,Spring,Seeding,1,0,0,0,0,0,1,1,70.0,4.0,,1.0,1,0,0,0,1,,4.0,"by grower, season, activity"
18,Spring,Transplanting,1,0,1,0,0,0,1,1,100.0,15.0,,2.0,0,1,0,0,0,66.0,30.0,"by grower, season, activity"
18,Spring,Watering,0,0,1,0,1,0,1,1,5.0,25.0,,0.3,0,0,0,0,1,95.0,7.5,"by grower, season, activity"
18,Spring,Weeding,1,0,1,1,1,0,1,1,50.0,8.0,70.0,1.0,1,1,0,0,1,50.0,8.0,"by grower, season, activity"
18,Summer,Harvesting,1,0,0,0,0,0,1,1,5.0,17.0,,2.0,1,1,0,0,1,100.0,34.0,"by grower, season, activity"
18,Summer,Preparing beds,1,0,0,0,0,0,1,1,20.0,5.0,30.0,2.0,1,0,0,0,1,50.0,10.0,"by grower, season, activity"
18,Summer,Seeding,1,0,0,0,0,0,1,1,100.0,2.0,,1.0,1,0,0,0,0,50.0,2.0,"by grower, season, activity"
18,Summer,Transplanting,1,0,0,0,0,0,1,1,100.0,5.0,,2.0,0,1,0,0,0,50.0,10.0,"by grower, season, activity"
18,Summer,Watering,1,0,0,0,1,0,1,1,5.0,15.0,,0.25,0,0,0,0,1,80.0,3.75,"by grower, season, activity"
18,Summer,Weeding,1,0,0,0,0,0,1,1,50.0,10.0,20.0,0.5,1,1,0,0,1,70.0,5.0,"by grower, season, activity"
18,Winter,Harvesting,1,1,1,1,0,0,0,0,30.0,3.0,,0.1666,1,0,0,0,0,100.0,0.4998,"by grower, season, activity"
18,Winter,Preparing beds,1,1,1,1,0,0,0,0,30.0,2.0,,1.0,1,0,0,0,1,100.0,2.0,"by grower, season, activity"
18,Winter,Seeding,0,0,0,0,0,0,0,0,,0.0,,0.0,0,0,0,0,0,,0.0,"by grower, season, activity"
18,Winter,Transplanting,1,1,1,1,0,0,0,0,100.0,2.0,,0.5,0,1,0,0,0,100.0,1.0,"by grower, season, activity"
18,Winter,Watering,1,1,1,1,0,0,0,0,5.0,4.0,,0.166666,0,0,0,0,1,100.0,0.666664,"by grower, season, activity"
18,Winter,Weeding,1,1,1,1,0,0,0,0,100.0,1.0,,0.75,0,1,0,0,0,100.0,0.75,"by grower, season, activity"
19,Spring,Harvesting,1,0,1,0,0,0,1,0,10.0,14.0,,0.5,1,1,0,0,1,100.0,7.0,"by grower, season, activity"
19,Spring,Preparing beds,1,1,1,1,1,0,1,0,33.0,4.0,75.0,1.0,1,1,0,1,1,100.0,4.0,"by grower, season, activity"
19,Spring,Seeding,1,1,1,1,0,0,1,0,75.0,4.0,,2.0,0,0,0,1,0,100.0,8.0,"by grower, season, activity"
19,Spring,Transplanting,1,0,1,1,1,0,1,0,100.0,14.0,50.0,0.5,0,1,0,0,0,100.0,7.0,"by grower, season, activity"
19,Spring,Watering,1,0,1,1,0,0,1,0,0.0,10.0,,1.0,0,0,0,0,1,100.0,10.0,"by grower, season, activity"
19,Spring,Weeding,1,0,1,0,0,0,1,0,100.0,20.0,50.0,0.5,0,1,0,0,0,100.0,10.0,"by grower, season, activity"
19,Summer,Harvesting,1,0,1,0,0,0,1,0,50.0,15.0,,0.5,1,0,1,0,1,100.0,7.5,"by grower, season, activity"
19,Summer,Preparing beds,1,0,1,0,0,0,1,0,50.0,2.0,,1.0,0,1,0,0,1,75.0,2.0,"by grower, season, activity"
19,Summer,Seeding,0,0,0,0,0,0,0,0,,0.0,,0.0,0,0,0,0,0,,0.0,"by grower, season, activity"
19,Summer,Transplanting,0,0,0,0,0,0,0,0,,0.0,,0.0,0,0,0,0,0,,0.0,"by grower, season, activity"
19,Summer,Watering,0,0,0,0,0,0,0,0,,0.0,,0.0,0,0,0,0,0,,0.0,"by grower, season, activity"
19,Summer,Weeding,1,0,1,0,0,0,1,0,75.0,7.0,,1.0,0,0,1,0,1,75.0,7.0,"by grower, season, activity"
20,Fall,Harvesting,1,0,1,1,1,0,0,0,50.0,4.0,100.0,0.5,1,1,0,1,1,100.0,2.0,"by grower, season, activity"
20,Fall,Preparing beds,1,0,1,1,1,0,0,0,5.0,2.0,8.0,6.0,0,0,1,0,0,100.0,12.0,"by grower, season, activity"
20,Fall,Seeding,1,0,1,1,1,0,0,0,5.0,2.0,8.0,6.0,0,0,1,0,0,100.0,12.0,"by grower, season, activity"
20,Fall,Transplanting,0,0,0,0,0,0,0,0,,0.0,,0.0,0,0,0,0,0,,0.0,"by grower, season, activity"
20,Fall,Watering,1,0,1,1,1,0,0,0,100.0,4.0,100.0,2.0,1,1,0,1,1,100.0,8.0,"by grower, season, activity"
20,Fall,Weeding,0,0,0,0,0,0,0,0,,0.0,,0.0,0,0,0,0,0,,0.0,"by grower, season, activity"
20,Spring,Harvesting,1,0,1,1,0,0,0,0,0.0,4.0,100.0,8.0,1,0,0,0,0,100.0,32.0,"by grower, season, activity"
20,Spring,Preparing beds,1,0,1,1,0,0,0,0,50.0,5.0,100.0,4.0,0,1,0,0,1,100.0,20.0,"by grower, season, activity"
20,Spring,Seeding,1,0,1,1,0,0,0,0,100.0,2.0,,2.0,0,0,0,1,1,100.0,4.0,"by grower, season, activity"
20,Spring,Transplanting,1,0,1,1,0,0,0,0,100.0,5.0,,1.0,0,1,0,0,0,100.0,5.0,"by grower, season, activity"
20,Spring,Watering,1,0,1,1,0,0,0,0,0.0,20.0,,2.0,0,0,0,0,1,,40.0,"by grower, season, activity"
20,Spring,Weeding,1,0,1,1,0,0,0,0,100.0,15.0,50.0,1.0,0,1,0,0,0,100.0,15.0,"by grower, season, activity"
20,Summer,Harvesting,1,0,1,1,0,0,0,0,8.0,12.0,25.0,4.0,1,0,0,0,0,100.0,48.0,"by grower, season, activity"
20,Summer,Preparing beds,1,0,1,0,1,0,1,0,0.0,5.0,75.0,5.0,0,0,0,0,1,,25.0,"by grower, season, activity"
20,Summer,Seeding,1,0,1,0,0,0,1,0,0.0,2.0,,1.0,0,0,0,0,1,75.0,2.0,"by grower, season, activity"
20,Summer,Transplanting,0,0,0,0,0,0,0,0,,0.0,,0.0,0,0,0,0,0,,0.0,"by grower, season, activity"
20,Summer,Watering,1,0,1,0,0,0,1,0,25.0,12.0,,2.0,1,0,1,0,1,,24.0,"by grower, season, activity"
20,Summer,Weeding,1,0,1,0,0,0,1,0,100.0,1.0,,6.0,1,1,0,0,0,100.0,6.0,"by grower, season, activity"
21,Fall,Harvesting,1,1,1,1,0,0,0,0,10.0,20.0,,5.0,1,0,0,0,0,100.0,100.0,"by grower, season, activity"
21,Fall,Preparing beds,1,1,1,0,0,0,1,0,90.0,4.0,25.0,6.0,1,0,0,0,1,100.0,24.0,"by grower, season, activity"
21,Fall,Seeding,1,1,1,1,0,0,0,0,75.0,3.0,25.0,6.0,1,0,0,0,1,100.0,18.0,"by grower, season, activity"
21,Fall,Transplanting,0,0,0,0,0,0,0,0,,0.0,,0.0,0,0,0,0,0,,0.0,"by grower, season, activity"
21,Fall,Watering,1,1,1,0,0,0,0,0,0.0,6.0,,1.0,0,0,0,0,1,100.0,6.0,"by grower, season, activity"
21,Fall,Weeding,1,1,1,1,0,0,0,0,100.0,15.0,,3.0,0,1,0,0,0,100.0,45.0,"by grower, season, activity"
21,Spring,Harvesting,1,1,1,1,0,0,1,0,50.0,8.0,,9.0,1,1,0,1,1,100.0,72.0,"by grower, season, activity"
21,Spring,Preparing beds,1,1,1,1,0,0,1,0,0.0,5.0,20.0,2.5,0,0,0,0,1,75.0,12.5,"by grower, season, activity"
21,Spring,Seeding,1,1,1,1,0,0,1,0,100.0,3.5,,6.0,1,1,0,0,0,80.0,21.0,"by grower, season, activity"
21,Spring,Transplanting,1,1,1,1,0,0,1,0,100.0,2.0,,3.0,1,0,0,0,0,75.0,6.0,"by grower, season, activity"
21,Spring,Watering,1,1,1,1,0,0,1,0,5.0,6.0,,6.0,0,0,0,0,1,100.0,36.0,"by grower, season, activity"
21,Spring,Weeding,1,1,1,1,0,0,1,0,100.0,20.0,5.0,8.0,0,1,0,0,0,100.0,160.0,"by grower, season, activity"
21,Summer,Harvesting,1,1,1,0,1,0,1,0,80.0,3.5,,5.0,1,0,0,0,0,100.0,17.5,"by grower, season, activity"
21,Summer,Preparing beds,1,1,1,0,1,0,1,0,75.0,5.0,25.0,2.0,0,0,0,0,1,80.0,10.0,"by grower, season, activity"
21,Summer,Seeding,1,1,1,0,1,0,1,0,50.0,4.0,,2.0,1,0,0,0,0,100.0,8.0,"by grower, season, activity"
21,Summer,Transplanting,1,1,1,0,1,0,1,0,100.0,2.0,,3.0,1,0,0,0,0,100.0,6.0,"by grower, season, activity"
21,Summer,Watering,1,1,1,0,1,0,1,0,0.0,8.0,,4.0,0,0,0,0,1,100.0,32.0,"by grower, season, activity"
21,Summer,Weeding,1,1,1,0,1,0,1,0,100.0,28.0,20.0,3.0,0,1,0,0,0,100.0,84.0,"by grower, season, activity"
21,Winter,Harvesting,0,0,0,0,0,0,0,0,,0.0,,0.0,0,0,0,0,0,,0.0,"by grower, season, activity"
21,Winter,Preparing beds,1,1,1,1,0,0,0,0,25.0,2.0,50.0,6.0,1,0,0,0,0,100.0,12.0,"by grower, season, activity"
21,Winter,Seeding,1,1,1,1,0,0,0,0,50.0,2.0,,6.0,1,0,0,0,1,100.0,12.0,"by grower, season, activity"
21,Winter,Transplanting,0,0,0,0,0,0,0,0,,0.0,,0.0,0,0,0,0,0,,0.0,"by grower, season, activity"
21,Winter,Watering,1,1,1,1,0,0,0,0,0.0,12.0,,3.0,0,0,0,0,1,100.0,36.0,"by grower, season, activity"
21,Winter,Weeding,0,0,0,0,0,0,0,0,,0.0,,0.0,0,0,0,0,0,,0.0,"by grower, season, activity"
22,Spring,Harvesting,1,1,1,0,0,0,1,0,100.0,1.0,,1.0,1,1,0,1,1,100.0,1.0,"by grower, season, activity"
22,Spring,Preparing beds,1,1,1,0,1,0,1,0,100.0,23.0,25.0,1.5,1,1,1,0,1,100.0,34.5,"by grower, season, activity"
22,Spring,Seeding,1,1,1,0,0,0,1,0,100.0,17.0,,2.0,1,1,0,1,1,100.0,34.0,"by grower, season, activity"
22,Spring,Transplanting,1,1,1,0,0,0,1,0,100.0,23.0,,2.0,0,1,0,1,0,100.0,46.0,"by grower, season, activity"
22,Spring,Watering,1,1,1,0,0,0,1,0,0.0,25.0,,1.0,1,1,0,0,1,50.0,25.0,"by grower, season, activity"
22,Spring,Weeding,1,1,1,0,0,0,1,0,100.0,30.0,10.0,4.0,1,1,0,1,1,50.0,120.0,"by grower, season, activity"
22,Summer,Harvesting,1,1,1,0,0,0,1,1,50.0,20.0,,3.0,1,1,0,1,1,100.0,60.0,"by grower, season, activity"
22,Summer,Preparing beds,1,1,1,0,0,0,1,1,80.0,3.0,,3.5,1,1,0,1,1,,10.5,"by grower, season, activity"
22,Summer,Seeding,1,1,1,0,0,0,1,1,100.0,2.0,,5.0,1,1,0,1,1,100.0,10.0,"by grower, season, activity"
22,Summer,Transplanting,1,1,1,0,0,0,1,1,100.0,5.0,,4.5,0,1,0,1,0,75.0,22.5,"by grower, season, activity"
22,Summer,Watering,1,1,1,0,0,0,1,1,0.0,20.0,,2.5,1,0,0,0,1,,50.0,"by grower, season, activity"
22,Summer,Weeding,1,1,1,0,0,0,1,1,100.0,30.0,50.0,1.25,0,1,0,0,0,,37.5,"by grower, season, activity"
22,Winter,Harvesting,1,1,1,1,0,0,0,0,35.0,1.0,50.0,6.5,1,0,0,0,0,,6.5,"by grower, season, activity"
22,Winter,Preparing beds,0,0,0,0,0,0,0,0,,0.0,,0.0,0,0,0,0,0,,0.0,"by grower, season, activity"
22,Winter,Seeding,0,0,0,0,0,0,0,0,,0.0,,0.0,0,0,0,0,0,,0.0,"by grower, season, activity"
22,Winter,Transplanting,0,0,0,0,0,0,0,0,,0.0,,0.0,0,0,0,0,0,,0.0,"by grower, season, activity"
22,Winter,Watering,1,1,1,1,0,0,0,0,0.0,4.0,,0.5,0,0,0,0,1,,2.0,"by grower, season, activity"
22,Winter,Weeding,1,1,1,1,0,0,0,0,50.0,2.0,45.0,0.75,1,0,1,0,0,,1.5,"by grower, season, activity"
23,Fall,Harvesting,1,1,1,0,0,0,1,0,0.0,4.0,,4.0,1,1,0,1,0,,16.0,"by grower, season, activity"
23,Fall,Preparing beds,0,0,0,0,0,0,0,0,,0.0,,0.0,0,0,0,0,0,,0.0,"by grower, season, activity"
23,Fall,Seeding,0,0,0,0,0,0,0,0,,0.0,,0.0,0,0,0,0,0,,0.0,"by grower, season, activity"
23,Fall,Transplanting,0,0,0,0,0,0,0,0,,0.0,,0.0,0,0,0,0,0,,0.0,"by grower, season, activity"
23,Fall,Watering,0,0,0,0,0,0,0,0,,0.0,,0.0,0,0,0,0,0,,0.0,"by grower, season, activity"
23,Fall,Weeding,0,0,0,0,0,0,0,0,,0.0,,0.0,0,0,0,0,0,,0.0,"by grower, season, activity"
23,Spring,Harvesting,1,1,1,0,1,0,1,0,5.0,20.0,,1.0,0,1,0,0,0,100.0,20.0,"by grower, season, activity"
23,Spring,Preparing beds,1,1,1,0,1,0,1,0,5.0,8.0,100.0,4.0,1,1,0,1,1,,32.0,"by grower, season, activity"
23,Spring,Seeding,1,1,1,0,1,0,1,0,0.0,3.0,,2.0,0,0,0,0,1,,6.0,"by grower, season, activity"
23,Spring,Transplanting,1,1,1,0,1,0,1,0,50.0,4.0,50.0,4.0,0,1,0,0,0,,16.0,"by grower, season, activity"
23,Spring,Watering,1,1,1,0,1,0,1,0,0.0,13.0,,2.0,0,0,0,0,1,100.0,26.0,"by grower, season, activity"
23,Spring,Weeding,1,1,1,0,1,0,1,0,20.0,12.0,100.0,1.0,0,1,0,0,1,,12.0,"by grower, season, activity"
23,Summer,Harvesting,1,1,1,0,0,0,1,0,20.0,16.0,20.0,1.5,1,1,0,0,0,,24.0,"by grower, season, activity"
23,Summer,Preparing beds,1,1,1,0,0,0,1,0,25.0,8.0,100.0,4.0,1,1,0,1,1,,32.0,"by grower, season, activity"
23,Summer,Seeding,1,1,1,0,0,0,1,0,15.0,4.0,,0.5,0,0,0,0,1,,2.0,"by grower, season, activity"
23,Summer,Transplanting,1,1,1,0,0,0,1,0,50.0,3.0,50.0,2.0,0,1,0,0,0,100.0,6.0,"by grower, season, activity"
23,Summer,Watering,1,1,1,0,0,0,1,0,0.0,6.0,,2.5,0,0,1,0,1,,15.0,"by grower, season, activity"
23,Summer,Weeding,1,1,1,0,0,0,1,0,50.0,8.0,100.0,2.0,1,1,0,1,1,,16.0,"by grower, season, activity"
23,Winter,Harvesting,0,0,0,0,0,0,0,0,,0.0,,0.0,0,0,0,0,0,,0.0,"by grower, season, activity"
23,Winter,Preparing beds,1,1,1,1,0,0,0,0,25.0,4.0,100.0,1.5,1,1,0,1,1,,6.0,"by grower, season, activity"
23,Winter,Seeding,0,0,1,1,0,0,0,0,0.0,2.0,,5.0,0,0,0,0,1,100.0,10.0,"by grower, season, activity"
23,Winter,Transplanting,0,0,0,0,0,0,0,0,,0.0,,0.0,0,0,0,0,0,,0.0,"by grower, season, activity"
23,Winter,Watering,0,0,0,0,0,0,0,0,,0.0,,0.0,0,0,0,0,0,,0.0,"by grower, season, activity"
23,Winter,Weeding,1,1,1,1,0,0,0,0,10.0,4.0,100.0,1.5,1,1,0,1,1,,6.0,"by grower, season, activity"
24,Spring,Harvesting,1,1,1,1,0,0,0,0,10.0,8.0,,6.0,1,0,0,0,1,,48.0,"by grower, season, activity"
24,Spring,Preparing beds,1,1,1,1,0,0,0,0,10.0,8.0,50.0,4.0,1,1,0,1,1,,32.0,"by grower, season, activity"
24,Spring,Seeding,1,1,1,1,0,0,0,0,20.0,8.0,,3.0,0,0,0,0,1,,24.0,"by grower, season, activity"
24,Spring,Transplanting,1,1,1,1,0,0,0,0,50.0,8.0,,5.0,0,1,0,0,1,,40.0,"by grower, season, activity"
24,Spring,Watering,1,1,1,1,0,0,0,0,0.0,20.0,,5.0,0,0,1,0,0,,100.0,"by grower, season, activity"
24,Spring,Weeding,1,1,1,1,0,0,0,0,75.0,15.0,90.0,3.0,1,1,0,0,0,,45.0,"by grower, season, activity"
25,Fall,Harvesting,1,1,1,1,0,0,1,0,50.0,5.0,,1.0,0,1,0,0,0,100.0,5.0,"by grower, season, activity"
25,Fall,Preparing beds,1,1,1,1,0,0,1,0,10.0,9.0,,5.0,0,1,1,0,0,70.0,45.0,"by grower, season, activity"
25,Fall,Seeding,1,1,1,1,0,0,1,0,0.0,3.0,,2.0,0,0,1,0,1,70.0,6.0,"by grower, season, activity"
25,Fall,Transplanting,0,0,0,0,0,0,0,0,,0.0,,0.0,0,0,0,0,0,,0.0,"by grower, season, activity"
25,Fall,Watering,1,1,1,1,0,0,1,0,0.0,10.0,,1.0,0,0,1,0,1,,10.0,"by grower, season, activity"
25,Fall,Weeding,1,1,1,1,0,0,1,0,80.0,4.0,,3.0,0,1,0,0,0,100.0,12.0,"by grower, season, activity"
25,Spring,Harvesting,1,1,1,0,0,0,1,0,10.0,8.0,,2.5,1,0,0,0,1,80.0,20.0,"by grower, season, activity"
25,Spring,Preparing beds,1,1,1,0,0,0,1,0,5.0,5.0,,4.5,0,0,1,0,0,,22.5,"by grower, season, activity"
25,Spring,Seeding,1,1,1,0,0,0,1,0,5.0,10.0,50.0,2.0,0,0,1,0,1,75.0,20.0,"by grower, season, activity"
25,Spring,Transplanting,1,1,1,0,0,0,1,0,50.0,5.0,70.0,3.0,0,0,1,0,0,100.0,15.0,"by grower, season, activity"
25,Spring,Watering,0,1,1,0,0,0,1,0,35.0,30.0,,12.0,0,0,1,0,0,40.0,360.0,"by grower, season, activity"
25,Spring,Weeding,1,1,1,0,0,0,1,0,75.0,3.0,,5.0,1,1,0,1,1,80.0,15.0,"by grower, season, activity"
25,Summer,Harvesting,1,1,1,0,0,0,1,0,0.0,15.0,,2.0,1,1,0,1,1,75.0,30.0,"by grower, season, activity"
25,Summer,Preparing beds,0,0,0,0,0,0,0,0,,0.0,,0.0,0,0,0,0,0,,0.0,"by grower, season, activity"
25,Summer,Seeding,0,0,0,0,0,0,0,0,,0.0,,0.0,0,0,0,0,0,,0.0,"by grower, season, activity"
25,Summer,Transplanting,0,0,0,0,0,0,0,0,,0.0,,0.0,0,0,0,0,0,,0.0,"by grower, season, activity"
25,Summer,Watering,0,0,0,0,0,0,0,0,0.0,7.0,,8.0,0,0,1,0,0,,56.0,"by grower, season, activity"
25,Summer,Weeding,0,0,0,0,0,0,0,0,,0.0,,0.0,0,0,0,0,0,,0.0,"by grower, season, activity"
25,Winter,Harvesting,1,1,1,1,0,0,0,0,25.0,8.0,,4.0,0,1,0,0,0,100.0,32.0,"by grower, season, activity"
25,Winter,Preparing beds,0,0,0,0,0,0,0,0,,0.0,,0.0,0,0,0,0,0,,0.0,"by grower, season, activity"
25,Winter,Seeding,1,1,1,1,0,0,0,0,90.0,1.0,,4.5,0,0,0,0,1,100.0,4.5,"by grower, season, activity"
25,Winter,Transplanting,0,0,0,0,0,0,0,0,,0.0,,0.0,0,0,0,0,0,,0.0,"by grower, season, activity"
25,Winter,Watering,1,1,1,1,0,0,0,0,0.0,2.0,,1.0,0,0,1,0,0,,2.0,"by grower, season, activity"
25,Winter,Weeding,1,1,1,1,0,0,0,0,100.0,4.0,,3.0,0,1,0,1,0,100.0,12.0,"by grower, season, activity"
26,Fall,Harvesting,1,1,1,1,1,0,0,0,95.0,4.5,100.0,6.0,1,1,0,0,1,100.0,27.0,"by grower, season, activity"
26,Fall,Preparing beds,0,1,1,1,1,0,0,0,0.0,2.0,100.0,2.5,1,0,1,0,0,0.0,5.0,"by grower, season, activity"
26,Fall,Seeding,0,0,0,0,0,0,0,0,,0.0,,0.0,0,0,0,0,0,,0.0,"by grower, season, activity"
26,Fall,Transplanting,0,0,0,0,0,0,0,0,,0.0,,0.0,0,0,0,0,0,,0.0,"by grower, season, activity"
26,Fall,Watering,1,1,1,1,1,0,0,0,20.0,2.0,100.0,8.0,0,0,1,0,0,100.0,16.0,"by grower, season, activity"
26,Fall,Weeding,0,0,0,0,0,0,0,0,,0.0,,0.0,0,0,0,0,0,,0.0,"by grower, season, activity"
26,Spring,Harvesting,1,1,1,0,0,0,1,0,25.0,8.0,100.0,3.0,1,0,0,0,1,100.0,24.0,"by grower, season, activity"
26,Spring,Preparing beds,1,1,1,0,0,0,1,0,25.0,10.0,99.0,2.5,1,0,1,0,1,,25.0,"by grower, season, activity"
26,Spring,Seeding,1,1,1,0,0,0,1,0,50.0,23.0,99.0,1.0,1,0,0,0,1,,23.0,"by grower, season, activity"
26,Spring,Transplanting,1,1,1,0,0,0,1,0,90.0,4.0,100.0,9.0,1,0,0,0,0,,36.0,"by grower, season, activity"
26,Spring,Watering,1,1,1,0,0,0,1,0,0.0,29.0,99.0,3.5,0,0,0,0,1,,101.5,"by grower, season, activity"
26,Spring,Weeding,1,1,1,0,0,0,1,0,50.0,8.0,100.0,3.0,1,0,0,0,1,,24.0,"by grower, season, activity"
26,Summer,Harvesting,1,1,1,0,1,0,1,0,50.0,20.0,75.0,4.5,1,0,0,0,0,100.0,90.0,"by grower, season, activity"
26,Summer,Preparing beds,1,1,1,0,1,0,1,0,0.0,2.0,100.0,4.0,0,1,0,0,1,50.0,8.0,"by grower, season, activity"
26,Summer,Seeding,1,1,1,0,1,0,1,0,25.0,2.0,100.0,4.0,0,0,1,0,0,100.0,8.0,"by grower, season, activity"
26,Summer,Transplanting,1,1,1,0,1,0,1,0,100.0,1.0,100.0,6.5,1,1,0,0,1,100.0,6.5,"by grower, season, activity"
26,Summer,Watering,1,1,1,0,1,0,1,0,0.0,7.0,75.0,1.0,0,0,0,0,1,100.0,7.0,"by grower, season, activity"
26,Summer,Weeding,1,1,1,0,1,0,1,0,100.0,30.0,100.0,2.0,1,0,0,0,1,,60.0,"by grower, season, activity"
26,Winter,Harvesting,0,0,0,0,0,0,0,0,,0.0,,0.0,0,0,0,0,0,,0.0,"by grower, season, activity"
26,Winter,Preparing beds,1,1,1,1,0,0,0,0,0.0,1.0,100.0,1.5,0,0,1,0,0,100.0,1.5,"by grower, season, activity"
26,Winter,Seeding,1,1,1,1,0,0,0,0,90.0,2.0,30.0,4.0,1,0,0,0,1,100.0,8.0,"by grower, season, activity"
26,Winter,Transplanting,0,0,0,0,0,0,0,0,,0.0,,0.0,0,0,0,0,0,,0.0,"by grower, season, activity"
26,Winter,Watering,1,0,1,1,0,0,0,0,5.0,29.0,,0.33333333,1,0,0,0,1,100.0,9.66666657,"by grower, season, activity"
26,Winter,Weeding,0,0,0,0,0,0,0,0,,0.0,,0.0,0,0,0,0,0,,0.0,"by grower, season, activity"
27,Fall,Harvesting,1,0,1,0,0,0,1,0,50.0,15.0,,3.0,1,1,0,1,1,100.0,45.0,"by grower, season, activity"
27,Fall,Preparing beds,0,0,0,0,0,0,0,0,,0.0,,0.0,0,0,0,0,0,,0.0,"by grower, season, activity"
27,Fall,Seeding,0,0,0,0,0,0,0,0,,0.0,,0.0,0,0,0,0,0,,0.0,"by grower, season, activity"
27,Fall,Transplanting,0,0,0,0,0,0,0,0,,0.0,,0.0,0,0,0,0,0,,0.0,"by grower, season, activity"
27,Fall,Watering,1,0,1,0,0,0,1,0,0.0,10.0,,0.16666666,0,0,0,0,1,,1.6666665999999999,"by grower, season, activity"
27,Fall,Weeding,0,0,0,0,0,0,0,0,,0.0,,0.0,0,0,0,0,0,,0.0,"by grower, season, activity"
27,Spring,Harvesting,1,1,0,0,0,0,1,1,0.0,20.0,25.0,3.0,1,1,0,1,1,100.0,60.0,"by grower, season, activity"
27,Spring,Preparing beds,0,0,0,0,0,0,0,0,,0.0,,0.0,0,0,0,0,0,,0.0,"by grower, season, activity"
27,Spring,Seeding,1,0,0,0,0,0,1,1,5.0,2.0,,3.0,0,0,0,1,0,100.0,6.0,"by grower, season, activity"
27,Spring,Transplanting,1,1,0,0,0,0,1,1,100.0,6.0,50.0,4.5,1,1,0,1,1,100.0,27.0,"by grower, season, activity"
27,Spring,Watering,1,1,0,0,0,0,1,1,0.0,30.0,,0.5,0,0,0,0,1,,15.0,"by grower, season, activity"
27,Spring,Weeding,1,1,0,0,0,0,1,1,100.0,15.0,50.0,2.0,1,1,0,1,1,100.0,30.0,"by grower, season, activity"
27,Summer,Harvesting,1,0,0,0,0,0,1,1,50.0,30.0,,1.0,1,1,0,1,1,100.0,30.0,"by grower, season, activity"
27,Summer,Preparing beds,1,0,0,0,0,0,1,1,100.0,3.0,,2.0,1,1,0,1,1,100.0,6.0,"by grower, season, activity"
27,Summer,Seeding,1,0,0,0,0,0,1,1,100.0,5.0,,3.0,1,1,0,1,1,100.0,15.0,"by grower, season, activity"
27,Summer,Transplanting,1,0,0,0,0,0,1,1,50.0,1.0,,5.0,1,1,0,1,1,100.0,5.0,"by grower, season, activity"
27,Summer,Watering,1,0,0,0,0,0,1,1,0.0,16.0,,1.0,0,0,0,0,0,,16.0,"by grower, season, activity"
27,Summer,Weeding,1,0,0,0,0,0,1,1,100.0,6.0,75.0,3.0,1,1,0,1,1,100.0,18.0,"by grower, season, activity"
27,Winter,Harvesting,1,1,1,1,0,0,0,0,100.0,4.0,,0.25,1,1,0,1,1,100.0,1.0,"by grower, season, activity"
27,Winter,Preparing beds,0,0,0,0,0,0,0,0,,0.0,,0.0,0,0,0,0,0,,0.0,"by grower, season, activity"
27,Winter,Seeding,0,0,0,0,0,0,0,0,,0.0,,0.0,0,0,0,0,0,,0.0,"by grower, season, activity"
27,Winter,Transplanting,0,0,0,0,0,0,0,0,,0.0,,0.0,0,0,0,0,0,,0.0,"by grower, season, activity"
27,Winter,Watering,0,0,0,0,0,0,0,0,,0.0,,0.0,0,0,0,0,0,,0.0,"by grower, season, activity"
27,Winter,Weeding,0,0,0,0,0,0,0,0,,0.0,,0.0,0,0,0,0,0,,0.0,"by grower, season, activity"
28,Fall,Harvesting,1,1,1,1,0,0,0,0,10.0,8.0,,6.0,1,1,0,1,1,100.0,48.0,"by grower, season, activity"
28,Fall,Preparing beds,1,1,1,1,1,0,0,0,5.0,5.0,,4.5,0,0,0,0,1,50.0,22.5,"by grower, season, activity"
28,Fall,Seeding,1,1,1,1,0,0,0,0,0.0,1.0,,4.5,1,0,0,0,1,50.0,4.5,"by grower, season, activity"
28,Fall,Transplanting,1,1,1,1,0,0,0,0,90.0,4.0,,4.5,0,1,0,0,0,80.0,18.0,"by grower, season, activity"
28,Fall,Watering,1,1,1,1,0,0,0,0,0.0,3.0,,0.66666,0,0,0,0,1,,1.99998,"by grower, season, activity"
28,Fall,Weeding,1,1,1,1,0,0,0,0,100.0,8.0,,4.0,0,1,0,0,0,90.0,32.0,"by grower, season, activity"
28,Spring,Harvesting,1,1,1,1,0,0,1,0,15.0,8.5,10.0,6.5,1,1,0,0,1,100.0,55.25,"by grower, season, activity"
28,Spring,Preparing beds,1,1,1,1,0,0,1,0,0.0,4.0,75.0,4.0,0,0,0,0,1,50.0,16.0,"by grower, season, activity"
28,Spring,Seeding,1,1,1,1,0,0,1,0,5.0,4.0,,2.5,1,0,0,0,1,50.0,10.0,"by grower, season, activity"
28,Spring,Transplanting,1,1,1,1,0,0,1,0,95.0,6.0,,6.0,1,1,0,1,1,70.0,36.0,"by grower, season, activity"
28,Spring,Watering,1,1,1,1,0,0,1,0,90.0,30.0,,0.25,1,0,0,0,1,50.0,7.5,"by grower, season, activity"
28,Spring,Weeding,1,1,1,1,0,0,1,0,55.0,9.0,50.0,6.0,0,1,0,0,1,50.0,54.0,"by grower, season, activity"
28,Summer,Harvesting,1,1,1,0,0,0,1,0,30.0,8.0,10.0,8.0,1,1,0,1,1,100.0,64.0,"by grower, season, activity"
28,Summer,Preparing beds,1,1,1,0,0,0,1,0,0.0,5.0,50.0,5.0,0,0,0,0,1,50.0,25.0,"by grower, season, activity"
28,Summer,Seeding,1,1,1,0,0,0,1,0,0.0,2.0,,2.0,1,0,0,0,1,50.0,4.0,"by grower, season, activity"
28,Summer,Transplanting,1,1,1,0,0,0,1,0,50.0,2.0,,4.0,1,1,0,1,1,90.0,8.0,"by grower, season, activity"
28,Summer,Watering,1,1,1,0,0,0,1,0,0.0,30.0,,0.75,0,0,0,0,1,,22.5,"by grower, season, activity"
28,Summer,Weeding,1,1,1,0,0,0,1,0,100.0,5.0,100.0,5.0,0,1,0,0,0,75.0,25.0,"by grower, season, activity"
28,Winter,Harvesting,1,1,1,1,0,0,0,0,50.0,3.0,,6.0,0,1,1,0,0,100.0,18.0,"by grower, season, activity"
28,Winter,Preparing beds,1,1,1,1,0,0,0,0,50.0,1.0,100.0,2.0,0,1,0,0,1,,2.0,"by grower, season, activity"
28,Winter,Seeding,1,1,1,1,0,0,0,0,0.0,1.0,,1.0,0,0,0,0,1,100.0,1.0,"by grower, season, activity"
28,Winter,Transplanting,0,0,0,0,0,0,0,0,,0.0,,0.0,0,0,0,0,0,,0.0,"by grower, season, activity"
28,Winter,Watering,1,1,1,1,0,0,0,0,10.0,15.0,,0.416666666,1,0,0,0,1,,6.24999999,"by grower, season, activity"
28,Winter,Weeding,0,0,0,0,0,0,0,0,,0.0,,0.0,0,0,0,0,0,,0.0,"by grower, season, activity"
29,Spring,Harvesting,0,0,0,0,0,0,0,0,,0.0,,0.0,0,0,0,0,0,,0.0,"by grower, season, activity"
29,Spring,Preparing beds,1,1,0,0,0,0,1,1,50.0,10.0,70.0,4.0,1,1,0,1,1,90.0,40.0,"by grower, season, activity"
29,Spring,Seeding,1,1,0,0,0,0,1,1,70.0,3.0,70.0,4.0,1,0,0,0,0,90.0,12.0,"by grower, season, activity"
29,Spring,Transplanting,1,1,0,0,0,0,1,1,80.0,6.0,90.0,4.0,1,0,0,0,0,90.0,24.0,"by grower, season, activity"
29,Spring,Watering,1,1,0,0,0,0,1,1,5.0,8.0,,2.0,0,0,0,0,1,50.0,16.0,"by grower, season, activity"
29,Spring,Weeding,1,1,0,0,0,0,1,1,60.0,15.0,90.0,1.0,1,1,0,1,1,90.0,15.0,"by grower, season, activity"
29,Winter,Harvesting,0,0,0,0,0,0,0,0,,0.0,,0.0,0,0,0,0,0,,0.0,"by grower, season, activity"
29,Winter,Preparing beds,1,1,1,1,0,0,0,0,50.0,2.0,75.0,6.0,0,0,0,0,1,100.0,12.0,"by grower, season, activity"
29,Winter,Seeding,0,0,0,0,0,0,0,0,,0.0,,0.0,0,0,0,0,0,,0.0,"by grower, season, activity"
29,Winter,Transplanting,0,0,0,0,0,0,0,0,,0.0,,0.0,0,0,0,0,0,,0.0,"by grower, season, activity"
29,Winter,Watering,0,0,0,0,0,0,0,0,,0.0,,0.0,0,0,0,0,0,,0.0,"by grower, season, activity"
29,Winter,Weeding,1,1,1,1,0,0,0,0,90.0,1.0,100.0,6.0,0,1,0,0,1,100.0,6.0,"by grower, season, activity"
30,Fall,Harvesting,1,1,1,1,0,0,0,0,0.0,1.0,,2.0,1,0,0,0,0,100.0,2.0,"by grower, season, activity"
30,Fall,Preparing beds,1,1,1,1,0,0,0,0,75.0,7.0,,3.0,1,1,0,1,1,100.0,21.0,"by grower, season, activity"
30,Fall,Seeding,0,0,0,0,0,0,0,0,,0.0,,0.0,0,0,0,0,0,,0.0,"by grower, season, activity"
30,Fall,Transplanting,1,1,1,1,0,0,0,0,100.0,2.0,,4.0,0,1,0,1,0,100.0,8.0,"by grower, season, activity"
30,Fall,Watering,0,0,0,0,0,0,0,0,,0.0,,0.0,0,0,0,0,0,,0.0,"by grower, season, activity"
30,Fall,Weeding,1,1,1,1,0,0,0,0,50.0,4.0,50.0,3.0,1,1,0,1,1,100.0,12.0,"by grower, season, activity"
30,Spring,Harvesting,1,1,1,1,0,0,0,0,50.0,10.0,,1.0,1,1,0,1,1,100.0,10.0,"by grower, season, activity"
30,Spring,Preparing beds,1,1,1,1,0,0,0,0,100.0,10.0,,4.0,1,1,0,1,1,100.0,40.0,"by grower, season, activity"
30,Spring,Seeding,1,1,1,1,0,0,0,0,50.0,5.0,,2.0,1,1,0,1,1,100.0,10.0,"by grower, season, activity"
30,Spring,Transplanting,1,1,1,1,0,0,0,0,100.0,4.0,,2.0,1,1,0,0,0,100.0,8.0,"by grower, season, activity"
30,Spring,Watering,1,1,1,1,0,0,0,0,0.0,4.0,,2.0,0,0,0,0,1,100.0,8.0,"by grower, season, activity"
30,Spring,Weeding,1,1,1,1,0,0,0,0,100.0,7.0,,3.0,0,1,0,1,0,100.0,21.0,"by grower, season, activity"
30,Summer,Harvesting,1,1,1,0,0,0,1,0,50.0,15.0,,1.0,1,0,0,0,0,100.0,15.0,"by grower, season, activity"
30,Summer,Preparing beds,1,1,1,0,0,0,1,0,50.0,7.0,,1.5,1,1,0,1,1,100.0,10.5,"by grower, season, activity"
30,Summer,Seeding,1,1,1,0,0,0,1,0,50.0,1.0,,3.0,1,1,0,1,1,100.0,3.0,"by grower, season, activity"
30,Summer,Transplanting,0,0,0,0,0,0,0,0,,0.0,,0.0,0,0,0,0,0,,0.0,"by grower, season, activity"
30,Summer,Watering,1,1,1,0,0,0,1,0,0.0,20.0,,2.0,0,0,0,0,1,100.0,40.0,"by grower, season, activity"
30,Summer,Weeding,1,1,1,0,0,0,1,0,100.0,10.0,,1.0,1,1,0,0,0,100.0,10.0,"by grower, season, activity"
30,Winter,Harvesting,0,0,0,0,0,0,0,0,,0.0,,0.0,0,0,0,0,0,,0.0,"by grower, season, activity"
30,Winter,Preparing beds,0,0,0,0,0,0,0,0,,0.0,,0.0,0,0,0,0,0,,0.0,"by grower, season, activity"
30,Winter,Seeding,0,0,0,0,0,0,0,0,,0.0,,0.0,0,0,0,0,0,,0.0,"by grower, season, activity"
30,Winter,Transplanting,0,0,0,0,0,0,0,0,,0.0,,0.0,0,0,0,0,0,,0.0,"by grower, season, activity"
30,Winter,Watering,0,0,0,0,0,0,0,0,,0.0,,0.0,0,0,0,0,0,,0.0,"by grower, season, activity"
30,Winter,Weeding,0,0,0,0,0,0,0,0,,0.0,,0.0,0,0,0,0,0,,0.0,"by grower, season, activity"
31,Spring,Harvesting,1,1,0,0,0,0,1,1,25.0,8.0,,4.0,1,1,0,1,1,,32.0,"by grower, season, activity"
31,Spring,Preparing beds,1,1,0,0,0,0,1,1,25.0,5.0,10.0,2.0,0,0,0,0,1,50.0,10.0,"by grower, season, activity"
31,Spring,Seeding,1,1,0,0,0,0,1,1,20.0,1.5,,1.5,0,0,0,0,1,,2.25,"by grower, season, activity"
31,Spring,Transplanting,1,1,1,1,0,0,1,1,75.0,5.0,15.0,2.5,1,1,0,1,1,,12.5,"by grower, season, activity"
31,Spring,Watering,1,1,0,0,0,0,1,1,0.0,15.0,,3.0,0,0,0,0,1,,45.0,"by grower, season, activity"
31,Spring,Weeding,1,1,0,0,0,0,1,1,10.0,18.0,20.0,3.0,1,0,0,0,0,,54.0,"by grower, season, activity"
31,Summer,Harvesting,1,0,0,0,0,0,1,1,10.0,8.0,10.0,3.0,1,0,0,0,1,50.0,24.0,"by grower, season, activity"
31,Summer,Preparing beds,0,0,0,0,0,0,0,0,,0.0,,0.0,0,0,0,0,0,,0.0,"by grower, season, activity"
31,Summer,Seeding,0,0,0,0,0,0,0,0,,0.0,,0.0,0,0,0,0,0,,0.0,"by grower, season, activity"
31,Summer,Transplanting,1,0,0,0,0,0,1,1,10.0,1.0,15.0,1.0,0,0,0,0,1,,1.0,"by grower, season, activity"
31,Summer,Watering,1,0,0,0,0,0,1,1,0.0,8.0,,3.0,0,0,0,0,1,,24.0,"by grower, season, activity"
31,Summer,Weeding,1,0,0,0,0,0,1,1,10.0,8.0,30.0,3.0,1,0,0,0,1,,24.0,"by grower, season, activity"
31,Winter,Harvesting,1,1,1,1,0,0,0,0,25.0,8.0,,0.5,1,0,0,0,0,,4.0,"by grower, season, activity"
31,Winter,Preparing beds,1,1,1,1,0,0,0,0,50.0,3.0,50.0,6.0,1,1,0,1,1,,18.0,"by grower, season, activity"
31,Winter,Seeding,0,0,0,0,0,0,0,0,,0.0,,0.0,0,0,0,0,0,,0.0,"by grower, season, activity"
31,Winter,Transplanting,0,0,0,0,0,0,0,0,,0.0,,0.0,0,0,0,0,0,,0.0,"by grower, season, activity"
31,Winter,Watering,0,0,0,0,0,0,0,0,,0.0,,0.0,0,0,0,0,0,,0.0,"by grower, season, activity"
31,Winter,Weeding,1,1,1,1,0,0,0,0,76.0,4.0,50.0,2.5,1,0,0,1,1,,10.0,"by grower, season, activity"
32,Fall,Harvesting,1,0,1,1,0,0,0,0,20.0,8.0,20.0,1.0,1,0,0,0,1,100.0,8.0,"by grower, season, activity"
32,Fall,Preparing beds,1,1,1,1,0,0,1,1,60.0,10.0,100.0,4.0,1,1,0,0,1,,40.0,"by grower, season, activity"
32,Fall,Seeding,1,0,1,1,0,0,0,0,50.0,4.0,60.0,2.0,1,0,0,0,0,90.0,8.0,"by grower, season, activity"
32,Fall,Transplanting,1,0,1,1,0,0,0,0,90.0,4.0,100.0,2.0,1,1,0,0,0,90.0,8.0,"by grower, season, activity"
32,Fall,Watering,1,0,1,1,0,0,0,0,0.0,10.0,50.0,2.5,0,0,0,0,1,70.0,25.0,"by grower, season, activity"
32,Fall,Weeding,1,0,1,1,0,0,0,0,80.0,20.0,100.0,1.0,0,1,0,0,0,100.0,20.0,"by grower, season, activity"
32,Spring,Harvesting,1,0,1,1,0,0,1,0,35.0,15.0,40.0,0.5,1,0,0,0,1,100.0,7.5,"by grower, season, activity"
32,Spring,Preparing beds,1,1,1,1,0,0,0,0,95.0,5.0,100.0,8.0,1,1,0,1,1,100.0,40.0,"by grower, season, activity"
32,Spring,Seeding,1,1,1,1,1,0,1,1,35.0,20.0,50.0,0.5,1,0,0,0,0,100.0,10.0,"by grower, season, activity"
32,Spring,Transplanting,1,1,1,1,0,0,0,0,95.0,10.0,100.0,4.0,0,1,0,1,0,100.0,40.0,"by grower, season, activity"
32,Spring,Watering,1,0,1,1,1,0,1,0,0.0,30.0,,1.0,0,0,0,0,1,100.0,30.0,"by grower, season, activity"
32,Spring,Weeding,1,1,1,1,0,0,1,0,90.0,20.0,80.0,2.0,1,1,0,0,0,100.0,40.0,"by grower, season, activity"
32,Winter,Harvesting,1,0,1,1,0,0,0,0,90.0,1.0,100.0,0.75,1,0,0,0,0,100.0,0.75,"by grower, season, activity"
32,Winter,Preparing beds,1,0,1,1,0,0,0,0,70.0,3.0,100.0,6.0,1,0,0,0,1,,18.0,"by grower, season, activity"
32,Winter,Seeding,0,0,0,0,0,0,0,0,,0.0,,0.0,0,0,0,0,0,,0.0,"by grower, season, activity"
32,Winter,Transplanting,1,0,1,1,0,0,0,0,90.0,1.0,100.0,4.5,1,0,0,0,0,,4.5,"by grower, season, activity"
32,Winter,Watering,1,0,1,1,0,0,0,0,0.0,30.0,,0.5,0,0,0,0,1,,15.0,"by grower, season, activity"
32,Winter,Weeding,1,0,1,1,0,0,0,0,20.0,2.0,100.0,2.5,1,0,0,0,0,100.0,5.0,"by grower, season, activity"
33,Fall,Harvesting,1,1,1,0,0,0,1,0,75.0,3.0,50.0,2.0,1,0,0,0,0,100.0,6.0,"by grower, season, activity"
33,Fall,Preparing beds,1,1,1,0,0,0,1,0,100.0,5.0,50.0,3.0,1,0,0,0,1,75.0,15.0,"by grower, season, activity"
33,Fall,Seeding,1,1,1,0,0,0,1,0,100.0,1.0,,0.5,1,0,0,0,0,100.0,0.5,"by grower, season, activity"
33,Fall,Transplanting,0,0,0,0,0,0,0,0,,0.0,,0.0,0,0,0,0,0,,0.0,"by grower, season, activity"
33,Fall,Watering,0,0,0,0,0,0,0,0,,0.0,,0.0,0,0,0,0,0,,0.0,"by grower, season, activity"
33,Fall,Weeding,1,1,1,0,0,0,1,0,100.0,4.0,75.0,1.0,1,0,0,0,0,100.0,4.0,"by grower, season, activity"
33,Winter,Harvesting,0,0,0,0,0,0,0,0,,0.0,,0.0,0,0,0,0,0,,0.0,"by grower, season, activity"
33,Winter,Preparing beds,1,0,1,1,0,0,0,0,90.0,4.0,100.0,3.0,1,0,0,0,0,75.0,12.0,"by grower, season, activity"
33,Winter,Seeding,0,0,0,0,0,0,0,0,,0.0,,0.0,0,0,0,0,0,,0.0,"by grower, season, activity"
33,Winter,Transplanting,0,0,0,0,0,0,0,0,,0.0,,0.0,0,0,0,0,0,,0.0,"by grower, season, activity"
33,Winter,Watering,0,0,0,0,0,0,0,0,,0.0,,0.0,0,0,0,0,0,,0.0,"by grower, season, activity"
33,Winter,Weeding,1,0,1,1,0,0,0,0,50.0,4.0,100.0,1.0,1,0,0,0,0,75.0,4.0,"by grower, season, activity"
34,Summer,Harvesting,0,0,0,0,0,1,1,1,15.0,18.0,,6.0,1,1,1,0,1,100.0,108.0,"by grower, season, activity"
34,Summer,Preparing beds,0,0,0,0,0,0,0,0,,0.0,,0.0,0,0,0,0,0,,0.0,"by grower, season, activity"
34,Summer,Seeding,0,0,0,0,0,0,0,0,,0.0,,0.0,0,0,0,0,0,,0.0,"by grower, season, activity"
34,Summer,Transplanting,0,0,0,0,0,0,0,0,,0.0,,0.0,0,0,0,0,0,,0.0,"by grower, season, activity"
34,Summer,Watering,0,0,0,0,0,1,1,1,5.0,20.0,,0.5,0,1,0,0,1,,10.0,"by grower, season, activity"
34,Summer,Weeding,0,0,0,0,0,1,1,1,90.0,25.0,2.0,0.75,0,1,0,0,0,90.0,18.75,"by grower, season, activity"
34,Winter,Harvesting,1,1,1,1,1,0,0,0,60.0,16.0,80.0,8.0,0,1,0,0,0,95.0,128.0,"by grower, season, activity"
34,Winter,Preparing beds,0,0,0,0,0,0,0,0,,0.0,,0.0,0,0,0,0,0,,0.0,"by grower, season, activity"
34,Winter,Seeding,0,0,0,0,0,0,0,0,,0.0,,0.0,0,0,0,0,0,,0.0,"by grower, season, activity"
34,Winter,Transplanting,0,0,0,0,0,0,0,0,,0.0,,0.0,0,0,0,0,0,,0.0,"by grower, season, activity"
34,Winter,Watering,0,0,0,0,0,0,0,0,,0.0,,0.0,0,0,0,0,0,,0.0,"by grower, season, activity"
34,Winter,Weeding,1,0,1,1,0,0,0,0,100.0,8.0,,0.25,0,1,0,0,0,,2.0,"by grower, season, activity"
35,Fall,Harvesting,1,0,1,0,0,0,1,0,50.0,18.0,10.0,1.5,1,0,0,1,1,10.0,27.0,"by grower, season, activity"
35,Fall,Preparing beds,1,0,1,0,0,0,1,0,10.0,4.0,75.0,2.5,0,0,0,0,1,,10.0,"by grower, season, activity"
35,Fall,Seeding,1,0,1,0,0,0,1,0,80.0,2.0,100.0,2.25,0,0,0,0,1,100.0,4.5,"by grower, season, activity"
35,Fall,Transplanting,1,0,1,0,0,0,1,0,100.0,1.0,,2.0,0,1,0,1,0,,2.0,"by grower, season, activity"
35,Fall,Watering,1,0,1,0,0,0,1,0,50.0,5.0,,1.0,0,0,0,0,1,100.0,5.0,"by grower, season, activity"
35,Fall,Weeding,1,0,1,0,0,0,1,0,80.0,2.0,100.0,0.5,0,1,0,0,1,50.0,1.0,"by grower, season, activity"
35,Summer,Harvesting,1,0,0,0,0,0,1,1,15.0,8.0,,1.0,1,1,0,1,1,,8.0,"by grower, season, activity"
35,Summer,Preparing beds,0,0,0,0,0,0,0,0,,0.0,,0.0,0,0,0,0,0,,0.0,"by grower, season, activity"
35,Summer,Seeding,0,0,0,0,1,1,1,1,90.0,1.0,,1.0,0,0,1,0,0,100.0,1.0,"by grower, season, activity"
35,Summer,Transplanting,1,0,0,0,0,0,1,1,80.0,1.0,90.0,1.0,0,1,0,0,0,,1.0,"by grower, season, activity"
35,Summer,Watering,1,0,0,0,0,0,1,1,0.0,1.0,15.0,0.1666,1,0,0,0,0,,0.1666,"by grower, season, activity"
35,Summer,Weeding,1,0,0,0,0,0,1,1,90.0,5.0,100.0,1.0,1,1,0,1,1,,5.0,"by grower, season, activity"
35,Winter,Harvesting,1,0,1,1,1,0,0,0,50.0,4.0,100.0,0.5,1,0,0,0,0,,2.0,"by grower, season, activity"
35,Winter,Preparing beds,0,0,0,0,0,0,0,0,,0.0,,0.0,0,0,0,0,0,,0.0,"by grower, season, activity"
35,Winter,Seeding,0,0,0,0,0,0,0,0,,0.0,,0.0,0,0,0,0,0,,0.0,"by grower, season, activity"
35,Winter,Transplanting,0,0,0,0,0,0,0,0,,0.0,,0.0,0,0,0,0,0,,0.0,"by grower, season, activity"
35,Winter,Watering,1,0,1,1,0,0,0,0,1.0,15.0,,0.5,0,0,0,0,1,,7.5,"by grower, season, activity"
35,Winter,Weeding,0,0,0,0,0,0,0,0,,0.0,,0.0,0,0,0,0,0,,0.0,"by grower, season, activity"
36,Summer,Harvesting,1,1,0,0,1,0,1,1,2.0,15.0,,3.0,1,0,0,0,1,,45.0,"by grower, season, activity"
36,Summer,Preparing beds,0,0,0,0,0,0,0,0,,0.0,,0.0,0,0,0,0,0,,0.0,"by grower, season, activity"
36,Summer,Seeding,1,1,0,0,1,0,1,1,6.0,1.0,50.0,8.0,0,0,1,0,0,100.0,8.0,"by grower, season, activity"
36,Summer,Transplanting,0,0,0,0,0,0,0,0,,0.0,,0.0,0,0,0,0,0,,0.0,"by grower, season, activity"
36,Summer,Watering,0,1,0,0,1,0,1,1,5.0,15.0,,5.0,0,0,1,0,0,5.0,75.0,"by grower, season, activity"
36,Summer,Weeding,1,1,0,0,1,0,1,1,10.0,24.0,,1.0,1,0,0,0,1,,24.0,"by grower, season, activity"
37,Fall,Harvesting,1,0,1,1,0,0,1,0,10.0,4.5,,3.0,1,1,0,1,1,100.0,13.5,"by grower, season, activity"
37,Fall,Preparing beds,0,0,0,0,0,0,0,0,,0.0,,0.0,0,0,0,0,0,,0.0,"by grower, season, activity"
37,Fall,Seeding,1,1,1,0,0,0,1,1,0.0,2.0,,0.5,0,0,0,0,1,,1.0,"by grower, season, activity"
37,Fall,Transplanting,1,0,1,1,0,0,0,0,,1.0,,0.25,0,1,0,0,1,,0.25,"by grower, season, activity"
37,Fall,Watering,1,0,1,0,0,0,1,0,0.0,10.0,,0.25,0,0,0,0,1,,2.5,"by grower, season, activity"
37,Fall,Weeding,0,0,0,0,0,0,0,0,,0.0,,0.0,0,0,0,0,0,,0.0,"by grower, season, activity"
38,Fall,Harvesting,1,1,1,1,0,0,1,0,100.0,12.0,,10.0,1,1,0,0,1,90.0,120.0,"by grower, season, activity"
38,Fall,Preparing beds,1,1,1,1,0,0,1,0,20.0,10.0,,2.0,0,1,0,0,1,,20.0,"by grower, season, activity"
38,Fall,Seeding,1,1,1,1,0,0,1,0,20.0,5.0,,2.0,0,0,0,0,1,25.0,10.0,"by grower, season, activity"
38,Fall,Transplanting,1,1,1,1,0,0,1,0,100.0,3.0,,3.0,0,1,0,0,0,100.0,9.0,"by grower, season, activity"
38,Fall,Watering,1,1,1,1,0,0,1,0,0.0,30.0,,1.0,0,0,0,0,1,,30.0,"by grower, season, activity"
38,Fall,Weeding,1,1,1,1,0,0,1,0,70.0,30.0,,1.0,1,1,0,1,1,80.0,30.0,"by grower, season, activity"
38,Winter,Harvesting,1,1,1,1,0,0,0,0,50.0,4.0,100.0,1.0,0,1,0,0,0,100.0,4.0,"by grower, season, activity"
38,Winter,Preparing beds,0,0,0,0,0,0,0,0,,0.0,,0.0,0,0,0,0,0,,0.0,"by grower, season, activity"
38,Winter,Seeding,1,1,1,1,0,0,0,0,100.0,4.0,,3.5,0,0,0,0,1,100.0,14.0,"by grower, season, activity"
38,Winter,Transplanting,0,0,0,0,0,0,0,0,,0.0,,0.0,0,0,0,0,0,,0.0,"by grower, season, activity"
38,Winter,Watering,1,1,1,1,0,0,0,0,0.0,8.0,80.0,1.0,0,0,0,0,1,,8.0,"by grower, season, activity"
38,Winter,Weeding,0,0,0,0,0,0,0,0,,0.0,,0.0,0,0,0,0,0,,0.0,"by grower, season, activity"
